Workbook

Sheet Hướng dẫn
A1: SỔ QUẢN LÝ DÂN CƯ – TỔ 23
A3: Cách dùng
A4: • Mỗi người là MỘT dòng trong sheet "Cư dân". Mỗi hộ là MỘT dòng trong sheet "Hộ gia đình".
A5: • Người và hộ nối với nhau bằng cột "Mã hộ". Địa chỉ chỉ ghi một lần ở sheet "Hộ gia đình"; sheet "Cư dân" tự lấy theo.
A6: • Cột nền XÁM là công thức tự tính (Tuổi, Nhóm tuổi, Địa chỉ, Số nhân khẩu, Chủ hộ): không gõ vào.
A7: • Cột nền TRẮNG là ô nhập. Các cột có mũi tên (Giới tính, Quan hệ, Cử tri, Tình trạng…) chọn từ danh sách.
A8: • Không xóa người đã chuyển đi hay đã mất: đổi "Tình trạng" để giữ lịch sử. Thống kê chỉ đếm người "Đang ở".
A9: • Cột "Cần kiểm tra" (nền vàng) ghi các điểm không khớp giữa các danh sách cũ. Kiểm tra xong thì xóa nội dung ô.
A11: Khi có biến động
A12: 1. Sinh / chuyển đến: thêm một dòng ở cuối sheet "Cư dân" với mã mới (CD tiếp theo) và Mã hộ.
A13: 2. Hộ mới: thêm một dòng ở cuối sheet "Hộ gia đình" với mã mới (H tiếp theo), rồi thêm các thành viên.
A14: 3. Chuyển đi / mất: đổi "Tình trạng" của người đó.
... A26: Bổ sung 2 người từ danh sách người cao tuổi (ĐỔI_TÊN_nct.xlsx) ở 6 ngõ 15 Tạ Quang Bửu. Những người ở Đê Tô Hoàng và Ngõ Chùa Liên Phái trong danh sách đó không thuộc tổ nên không được thêm.

Sheet Thống kê
A1: THỐNG KÊ (chỉ tính người "Đang ở")
A3: Số hộ có người đang ở | B3: =COUNTIF('Hộ gia đình'!$D$2:$D$2000,">0") -> 160
A4: Tổng số nhân khẩu | B4: =COUNTIFS('Cư dân'!$O$2:$O$2000,"Đang ở") -> 672
A5: Nam | B5: =COUNTIFS('Cư dân'!$O$2:$O$2000,"Đang ở",'Cư dân'!$D$2:$D$2000,"Nam") -> 173
A6: Nữ | B6: =COUNTIFS('Cư dân'!$O$2:$O$2000,"Đang ở",'Cư dân'!$D$2:$D$2000,"Nữ") -> 186
A7: Chưa ghi giới tính | B7: =COUNTIFS('Cư dân'!$O$2:$O$2000,"Đang ở",'Cư dân'!$D$2:$D$2000,"") -> 313
A8: Cử tri | B8: =COUNTIFS('Cư dân'!$O$2:$O$2000,"Đang ở",'Cư dân'!$N$2:$N$2000,"Có") -> 326
A10: Theo nhóm tuổi
A11: Trẻ em | B11: =COUNTIFS('Cư dân'!$O$2:$O$2000,"Đang ở",'Cư dân'!$H$2:$H$2000,"Trẻ em") -> 9
A12: Học sinh / Sinh viên | B12: =COUNTIFS('Cư dân'!$O$2:$O$2000,"Đang ở",'Cư dân'!$H$2:$H$2000,"Học sinh / Sinh viên") -> 172
A13: Đang đi làm | B13: =COUNTIFS('Cư dân'!$O$2:$O$2000,"Đang ở",'Cư dân'!$H$2:$H$2000,"Đang đi làm") -> 351
A14: Nghỉ hưu | B14: =COUNTIFS('Cư dân'!$O$2:$O$2000,"Đang ở",'Cư dân'!$H$2:$H$2000,"Nghỉ hưu") -> 129
A15: Thiếu thông tin | B15: =COUNTIFS('Cư dân'!$O$2:$O$2000,"Đang ở",'Cư dân'!$H$2:$H$2000,"Thiếu thông tin") -> 11
A17: Mừng thọ năm nay (theo tuổi)
A18: 70 tuổi | B18: =COUNTIFS('Cư dân'!$O$2:$O$2000,"Đang ở",'Cư dân'!$G$2:$G$2000,70) -> 4
A19: 75 tuổi | B19: =COUNTIFS('Cư dân'!$O$2:$O$2000,"Đang ở",'Cư dân'!$G$2:$G$2000,75) -> 4
A20: 80 tuổi | B20: =COUNTIFS('Cư dân'!$O$2:$O$2000,"Đang ở",'Cư dân'!$G$2:$G$2000,80) -> 2
A21: 85 tuổi | B21: =COUNTIFS('Cư dân'!$O$2:$O$2000,"Đang ở",'Cư dân'!$G$2:$G$2000,85) -> 1
A22: 90 tuổi | B22: =COUNTIFS('Cư dân'!$O$2:$O$2000,"Đang ở",'Cư dân'!$G$2:$G$2000,90) -> 2
A23: 95 tuổi | B23: =COUNTIFS('Cư dân'!$O$2:$O$2000,"Đang ở",'Cư dân'!$G$2:$G$2000,95) -> 1
A24: Từ 100 tuổi | B24: =COUNTIFS('Cư dân'!$O$2:$O$2000,"Đang ở",'Cư dân'!$G$2:$G$2000,">=100") -> 0
A26: Nam trong độ tuổi nghĩa vụ quân sự (18–27) | B26: =COUNTIFS('Cư dân'!$O$2:$O$2000,"Đang ở",'Cư dân'!$D$2:$D$2000,"Nam",'Cư dân'!$G$2:$G$2000,">=18",'Cư dân'!$G$2:$G$2000,"<=27") -> 37
A28: Tình trạng khác
A29: Tạm vắng | B29: =COUNTIF('Cư dân'!$O$2:$O$2000,"Tạm vắng") -> 3
A30: Đã chuyển đi | B30: =COUNTIF('Cư dân'!$O$2:$O$2000,"Đã chuyển đi") -> 1
A31: Đã mất | B31: =COUNTIF('Cư dân'!$O$2:$O$2000,"Đã mất") -> 3
A32: Dòng còn "Cần kiểm tra" | B32: =COUNTIF('Cư dân'!$R$2:$R$2000,"?*") -> 132
A34: Muốn có danh sách (mừng thọ, nghĩa vụ quân sự…): vào sheet "Cư dân", dùng bộ lọc ở cột Tuổi / Giới tính / Tình trạng.

Sheet Hộ gia đình
A1: Mã hộ | B1: Địa chỉ | C1: Chủ hộ | D1: Số nhân khẩu (đang ở) | E1: Ghi chú | F1: Cần kiểm tra
A2: H001 | B2: 40 Lê Thanh Nghị | C2: =IFERROR(INDEX('Cư dân'!$C$2:$C$2000,MATCH(1,INDEX(('Cư dân'!$B$2:$B$2000=A2)*('Cư dân'!$I$2:$I$2000="Chủ hộ"),0),0)),"") -> Phạm Thị Ngân | D2: =COUNTIFS('Cư dân'!$B$2:$B$2000,A2,'Cư dân'!$O$2:$O$2000,"Đang ở") -> 10
A3: H002 | B3: 42 Lê Thanh Nghị | C3: =IFERROR(INDEX('Cư dân'!$C$2:$C$2000,MATCH(1,INDEX(('Cư dân'!$B$2:$B$2000=A3)*('Cư dân'!$I$2:$I$2000="Chủ hộ"),0),0)),"") -> Tạ Đình Tuấn | D3: =COUNTIFS('Cư dân'!$B$2:$B$2000,A3,'Cư dân'!$O$2:$O$2000,"Đang ở") -> 5
A4: H003 | B4: 44 Lê Thanh Nghị | C4: =IFERROR(INDEX('Cư dân'!$C$2:$C$2000,MATCH(1,INDEX(('Cư dân'!$B$2:$B$2000=A4)*('Cư dân'!$I$2:$I$2000="Chủ hộ"),0),0)),"") -> Lê Thị Hồng | D4: =COUNTIFS('Cư dân'!$B$2:$B$2000,A4,'Cư dân'!$O$2:$O$2000,"Đang ở") -> 1
A5: H004 | B5: 44 Lê Thanh Nghị | C5: =IFERROR(INDEX('Cư dân'!$C$2:$C$2000,MATCH(1,INDEX(('Cư dân'!$B$2:$B$2000=A5)*('Cư dân'!$I$2:$I$2000="Chủ hộ"),0),0)),"") -> Nguyễn Thị Bích Huệ | D5: =COUNTIFS('Cư dân'!$B$2:$B$2000,A5,'Cư dân'!$O$2:$O$2000,"Đang ở") -> 1
A6: H005 | B6: 44 Lê Thanh Nghị | C6: =IFERROR(INDEX('Cư dân'!$C$2:$C$2000,MATCH(1,INDEX(('Cư dân'!$B$2:$B$2000=A6)*('Cư dân'!$I$2:$I$2000="Chủ hộ"),0),0)),"") -> Nguyễn Thị Thu Hằng | D6: =COUNTIFS('Cư dân'!$B$2:$B$2000,A6,'Cư dân'!$O$2:$O$2000,"Đang ở") -> 4
A7: H006 | B7: 46 Lê Thanh Nghị | C7: =IFERROR(INDEX('Cư dân'!$C$2:$C$2000,MATCH(1,INDEX(('Cư dân'!$B$2:$B$2000=A7)*('Cư dân'!$I$2:$I$2000="Chủ hộ"),0),0)),"") -> Phạm Văn Khôi | D7: =COUNTIFS('Cư dân'!$B$2:$B$2000,A7,'Cư dân'!$O$2:$O$2000,"Đang ở") -> 8
A8: H007 | B8: 48 Lê Thanh Nghị | C8: =IFERROR(INDEX('Cư dân'!$C$2:$C$2000,MATCH(1,INDEX(('Cư dân'!$B$2:$B$2000=A8)*('Cư dân'!$I$2:$I$2000="Chủ hộ"),0),0)),"") -> Quách Thị Hương | D8: =COUNTIFS('Cư dân'!$B$2:$B$2000,A8,'Cư dân'!$O$2:$O$2000,"Đang ở") -> 6
A9: H008 | B9: 50 Lê Thanh Nghị | C9: =IFERROR(INDEX('Cư dân'!$C$2:$C$2000,MATCH(1,INDEX(('Cư dân'!$B$2:$B$2000=A9)*('Cư dân'!$I$2:$I$2000="Chủ hộ"),0),0)),"") -> Phạm Quế Anh | D9: =COUNTIFS('Cư dân'!$B$2:$B$2000,A9,'Cư dân'!$O$2:$O$2000,"Đang ở") -> 4
A10: H009 | B10: 52+54 Lê Thanh Nghị | C10: =IFERROR(INDEX('Cư dân'!$C$2:$C$2000,MATCH(1,INDEX(('Cư dân'!$B$2:$B$2000=A10)*('Cư dân'!$I$2:$I$2000="Chủ hộ"),0),0)),"") -> Lê Hồng Tịnh | D10: =COUNTIFS('Cư dân'!$B$2:$B$2000,A10,'Cư dân'!$O$2:$O$2000,"Đang ở") -> 5 | F10: Chủ hộ có ghi chú bán nhà/không ở – kiểm tra cả hộ
A11: H010 | B11: 56 Lê Thanh Nghị | C11: =IFERROR(INDEX('Cư dân'!$C$2:$C$2000,MATCH(1,INDEX(('Cư dân'!$B$2:$B$2000=A11)*('Cư dân'!$I$2:$I$2000="Chủ hộ"),0),0)),"") -> Phạm Quý Đức | D11: =COUNTIFS('Cư dân'!$B$2:$B$2000,A11,'Cư dân'!$O$2:$O$2000,"Đang ở") -> 2 | F11: Chủ hộ có ghi chú bán nhà/không ở – kiểm tra cả hộ
A12: H011 | B12: 56 Lê Thanh Nghị | C12: =IFERROR(INDEX('Cư dân'!$C$2:$C$2000,MATCH(1,INDEX(('Cư dân'!$B$2:$B$2000=A12)*('Cư dân'!$I$2:$I$2000="Chủ hộ"),0),0)),"") -> Phạm Quang Anh | D12: =COUNTIFS('Cư dân'!$B$2:$B$2000,A12,'Cư dân'!$O$2:$O$2000,"Đang ở") -> 3
A13: H012 | B13: 60 Lê Thanh Nghị | C13: =IFERROR(INDEX('Cư dân'!$C$2:$C$2000,MATCH(1,INDEX(('Cư dân'!$B$2:$B$2000=A13)*('Cư dân'!$I$2:$I$2000="Chủ hộ"),0),0)),"") -> Trần Thị Kim Mai | D13: =COUNTIFS('Cư dân'!$B$2:$B$2000,A13,'Cư dân'!$O$2:$O$2000,"Đang ở") -> 4
A14: H013 | B14: 62 Lê Thanh Nghị | C14: =IFERROR(INDEX('Cư dân'!$C$2:$C$2000,MATCH(1,INDEX(('Cư dân'!$B$2:$B$2000=A14)*('Cư dân'!$I$2:$I$2000="Chủ hộ"),0),0)),"") -> Nguyễn Quốc Thắng | D14: =COUNTIFS('Cư dân'!$B$2:$B$2000,A14,'Cư dân'!$O$2:$O$2000,"Đang ở") -> 4
A15: H014 | B15: 64 Lê Thanh Nghị | C15: =IFERROR(INDEX('Cư dân'!$C$2:$C$2000,MATCH(1,INDEX(('Cư dân'!$B$2:$B$2000=A15)*('Cư dân'!$I$2:$I$2000="Chủ hộ"),0),0)),"") -> Cao Trọng Ngọc | D15: =COUNTIFS('Cư dân'!$B$2:$B$2000,A15,'Cư dân'!$O$2:$O$2000,"Đang ở") -> 5
A16: H015 | B16: 66 Lê Thanh Nghị | C16: =IFERROR(INDEX('Cư dân'!$C$2:$C$2000,MATCH(1,INDEX(('Cư dân'!$B$2:$B$2000=A16)*('Cư dân'!$I$2:$I$2000="Chủ hộ"),0),0)),"") -> Ngô Văn Khiếu | D16: =COUNTIFS('Cư dân'!$B$2:$B$2000,A16,'Cư dân'!$O$2:$O$2000,"Đang ở") -> 4
A17: H016 | B17: 70 Lê Thanh Nghị | C17: =IFERROR(INDEX('Cư dân'!$C$2:$C$2000,MATCH(1,INDEX(('Cư dân'!$B$2:$B$2000=A17)*('Cư dân'!$I$2:$I$2000="Chủ hộ"),0),0)),"") -> Lê Minh Thông | D17: =COUNTIFS('Cư dân'!$B$2:$B$2000,A17,'Cư dân'!$O$2:$O$2000,"Đang ở") -> 3
A18: H017 | B18: 72 Lê Thanh Nghị | C18: =IFERROR(INDEX('Cư dân'!$C$2:$C$2000,MATCH(1,INDEX(('Cư dân'!$B$2:$B$2000=A18)*('Cư dân'!$I$2:$I$2000="Chủ hộ"),0),0)),"") -> Nguyễn Thị Mai Tần | D18: =COUNTIFS('Cư dân'!$B$2:$B$2000,A18,'Cư dân'!$O$2:$O$2000,"Đang ở") -> 1 | F18: Chủ hộ có ghi chú bán nhà/không ở – kiểm tra cả hộ
A19: H018 | B19: 72 Lê Thanh Nghị | C19: =IFERROR(INDEX('Cư dân'!$C$2:$C$2000,MATCH(1,INDEX(('Cư dân'!$B$2:$B$2000=A19)*('Cư dân'!$I$2:$I$2000="Chủ hộ"),0),0)),"") -> Trần Xuân Dương | D19: =COUNTIFS('Cư dân'!$B$2:$B$2000,A19,'Cư dân'!$O$2:$O$2000,"Đang ở") -> 4 | F19: Chủ hộ có ghi chú bán nhà/không ở – kiểm tra cả hộ
A20: H019 | B20: 72 Lê Thanh Nghị | C20: =IFERROR(INDEX('Cư dân'!$C$2:$C$2000,MATCH(1,INDEX(('Cư dân'!$B$2:$B$2000=A20)*('Cư dân'!$I$2:$I$2000="Chủ hộ"),0),0)),"") -> Trần Minh Dũng | D20: =COUNTIFS('Cư dân'!$B$2:$B$2000,A20,'Cư dân'!$O$2:$O$2000,"Đang ở") -> 4 | F20: Chủ hộ có ghi chú bán nhà/không ở – kiểm tra cả hộ
A21: H020 | B21: 74 Lê Thanh Nghị | C21: =IFERROR(INDEX('Cư dân'!$C$2:$C$2000,MATCH(1,INDEX(('Cư dân'!$B$2:$B$2000=A21)*('Cư dân'!$I$2:$I$2000="Chủ hộ"),0),0)),"") -> Đặng Huyền Thái | D21: =COUNTIFS('Cư dân'!$B$2:$B$2000,A21,'Cư dân'!$O$2:$O$2000,"Đang ở") -> 6 | F21: Chủ hộ có ghi chú bán nhà/không ở – kiểm tra cả hộ
A22: H021 | B22: 76 Lê Thanh Nghị | C22: =IFERROR(INDEX('Cư dân'!$C$2:$C$2000,MATCH(1,INDEX(('Cư dân'!$B$2:$B$2000=A22)*('Cư dân'!$I$2:$I$2000="Chủ hộ"),0),0)),"") -> Võ Trí Hải | D22: =COUNTIFS('Cư dân'!$B$2:$B$2000,A22,'Cư dân'!$O$2:$O$2000,"Đang ở") -> 4 | F22: Chủ hộ có ghi chú bán nhà/không ở – kiểm tra cả hộ
A23: H022 | B23: 78 Lê Thanh Nghị | C23: =IFERROR(INDEX('Cư dân'!$C$2:$C$2000,MATCH(1,INDEX(('Cư dân'!$B$2:$B$2000=A23)*('Cư dân'!$I$2:$I$2000="Chủ hộ"),0),0)),"") -> Đào Văn Đô | D23: =COUNTIFS('Cư dân'!$B$2:$B$2000,A23,'Cư dân'!$O$2:$O$2000,"Đang ở") -> 7
A24: H023 | B24: 84 Lê Thanh Nghị | C24: =IFERROR(INDEX('Cư dân'!$C$2:$C$2000,MATCH(1,INDEX(('Cư dân'!$B$2:$B$2000=A24)*('Cư dân'!$I$2:$I$2000="Chủ hộ"),0),0)),"") -> Hoàng Thị Tỉnh | D24: =COUNTIFS('Cư dân'!$B$2:$B$2000,A24,'Cư dân'!$O$2:$O$2000,"Đang ở") -> 1
A25: H024 | B25: 86 Lê Thanh Nghị | C25: =IFERROR(INDEX('Cư dân'!$C$2:$C$2000,MATCH(1,INDEX(('Cư dân'!$B$2:$B$2000=A25)*('Cư dân'!$I$2:$I$2000="Chủ hộ"),0),0)),"") -> Trần Vĩnh Diệu | D25: =COUNTIFS('Cư dân'!$B$2:$B$2000,A25,'Cư dân'!$O$2:$O$2000,"Đang ở") -> 4 | F25: Chủ hộ có ghi chú bán nhà/không ở – kiểm tra cả hộ
A26: H025 | B26: 88 Lê Thanh Nghị | C26: =IFERROR(INDEX('Cư dân'!$C$2:$C$2000,MATCH(1,INDEX(('Cư dân'!$B$2:$B$2000=A26)*('Cư dân'!$I$2:$I$2000="Chủ hộ"),0),0)),"") -> Lê Thị Phấn | D26: =COUNTIFS('Cư dân'!$B$2:$B$2000,A26,'Cư dân'!$O$2:$O$2000,"Đang ở") -> 6
A27: H026 | B27: 1 ngõ 78 Lê Thanh Nghị | C27: =IFERROR(INDEX('Cư dân'!$C$2:$C$2000,MATCH(1,INDEX(('Cư dân'!$B$2:$B$2000=A27)*('Cư dân'!$I$2:$I$2000="Chủ hộ"),0),0)),"") -> Nguyễn Việt Anh | D27: =COUNTIFS('Cư dân'!$B$2:$B$2000,A27,'Cư dân'!$O$2:$O$2000,"Đang ở") -> 4
A28: H027 | B28: 5 ngõ 78 Lê Thanh Nghị | C28: =IFERROR(INDEX('Cư dân'!$C$2:$C$2000,MATCH(1,INDEX(('Cư dân'!$B$2:$B$2000=A28)*('Cư dân'!$I$2:$I$2000="Chủ hộ"),0),0)),"") -> Phạm Ngọc Cảnh | D28: =COUNTIFS('Cư dân'!$B$2:$B$2000,A28,'Cư dân'!$O$2:$O$2000,"Đang ở") -> 4
A29: H028 | B29: 7 ngõ 78 Lê Thanh Nghị | C29: =IFERROR(INDEX('Cư dân'!$C$2:$C$2000,MATCH(1,INDEX(('Cư dân'!$B$2:$B$2000=A29)*('Cư dân'!$I$2:$I$2000="Chủ hộ"),0),0)),"") -> Trần Hà Liên | D29: =COUNTIFS('Cư dân'!$B$2:$B$2000,A29,'Cư dân'!$O$2:$O$2000,"Đang ở") -> 5
A30: H029 | B30: 9 ngõ 78 Lê Thanh Nghị | C30: =IFERROR(INDEX('Cư dân'!$C$2:$C$2000,MATCH(1,INDEX(('Cư dân'!$B$2:$B$2000=A30)*('Cư dân'!$I$2:$I$2000="Chủ hộ"),0),0)),"") -> Trần Văn Nhân | D30: =COUNTIFS('Cư dân'!$B$2:$B$2000,A30,'Cư dân'!$O$2:$O$2000,"Đang ở") -> 7 | F30: Chủ hộ có ghi chú bán nhà/không ở – kiểm tra cả hộ
A31: H030 | B31: 11 ngõ 78 Lê Thanh Nghị | C31: =IFERROR(INDEX('Cư dân'!$C$2:$C$2000,MATCH(1,INDEX(('Cư dân'!$B$2:$B$2000=A31)*('Cư dân'!$I$2:$I$2000="Chủ hộ"),0),0)),"") -> Trịnh Thị Minh Hằng | D31: =COUNTIFS('Cư dân'!$B$2:$B$2000,A31,'Cư dân'!$O$2:$O$2000,"Đang ở") -> 2
A32: H031 | B32: 13 ngõ 78 Lê Thanh Nghị | C32: =IFERROR(INDEX('Cư dân'!$C$2:$C$2000,MATCH(1,INDEX(('Cư dân'!$B$2:$B$2000=A32)*('Cư dân'!$I$2:$I$2000="Chủ hộ"),0),0)),"") -> Nguyễn Thị Minh Hòa | D32: =COUNTIFS('Cư dân'!$B$2:$B$2000,A32,'Cư dân'!$O$2:$O$2000,"Đang ở") -> 2
A33: H032 | B33: 15 ngõ 78 Lê Thanh Nghị | C33: =IFERROR(INDEX('Cư dân'!$C$2:$C$2000,MATCH(1,INDEX(('Cư dân'!$B$2:$B$2000=A33)*('Cư dân'!$I$2:$I$2000="Chủ hộ"),0),0)),"") -> Trần Thị Lan | D33: =COUNTIFS('Cư dân'!$B$2:$B$2000,A33,'Cư dân'!$O$2:$O$2000,"Đang ở") -> 6
A34: H033 | B34: 15 ngõ 78 Lê Thanh Nghị | C34: =IFERROR(INDEX('Cư dân'!$C$2:$C$2000,MATCH(1,INDEX(('Cư dân'!$B$2:$B$2000=A34)*('Cư dân'!$I$2:$I$2000="Chủ hộ"),0),0)),"") -> Nguyễn Thị Uyển | D34: =COUNTIFS('Cư dân'!$B$2:$B$2000,A34,'Cư dân'!$O$2:$O$2000,"Đang ở") -> 1 | F34: Chủ hộ có ghi chú bán nhà/không ở – kiểm tra cả hộ
A35: H034 | B35: 17 ngõ 78 Lê Thanh Nghị | C35: =IFERROR(INDEX('Cư dân'!$C$2:$C$2000,MATCH(1,INDEX(('Cư dân'!$B$2:$B$2000=A35)*('Cư dân'!$I$2:$I$2000="Chủ hộ"),0),0)),"") -> Lê Thị Hải Anh | D35: =COUNTIFS('Cư dân'!$B$2:$B$2000,A35,'Cư dân'!$O$2:$O$2000,"Đang ở") -> 6
A36: H035 | B36: 19 ngõ 78 Lê Thanh Nghị | C36: =IFERROR(INDEX('Cư dân'!$C$2:$C$2000,MATCH(1,INDEX(('Cư dân'!$B$2:$B$2000=A36)*('Cư dân'!$I$2:$I$2000="Chủ hộ"),0),0)),"") -> Đỗ Năng Anh | D36: =COUNTIFS('Cư dân'!$B$2:$B$2000,A36,'Cư dân'!$O$2:$O$2000,"Đang ở") -> 4
A37: H036 | B37: 21 ngõ 78 Lê Thanh Nghị | C37: =IFERROR(INDEX('Cư dân'!$C$2:$C$2000,MATCH(1,INDEX(('Cư dân'!$B$2:$B$2000=A37)*('Cư dân'!$I$2:$I$2000="Chủ hộ"),0),0)),"") -> Thái Thị Chiến | D37: =COUNTIFS('Cư dân'!$B$2:$B$2000,A37,'Cư dân'!$O$2:$O$2000,"Đang ở") -> 5
A38: H037 | B38: 21 ngõ 78 Lê Thanh Nghị | C38: =IFERROR(INDEX('Cư dân'!$C$2:$C$2000,MATCH(1,INDEX(('Cư dân'!$B$2:$B$2000=A38)*('Cư dân'!$I$2:$I$2000="Chủ hộ"),0),0)),"") -> Vũ Minh Tuệ | D38: =COUNTIFS('Cư dân'!$B$2:$B$2000,A38,'Cư dân'!$O$2:$O$2000,"Đang ở") -> 4
A39: H038 | B39: 3 ngõ 17 Lê Thanh Nghị | C39: =IFERROR(INDEX('Cư dân'!$C$2:$C$2000,MATCH(1,INDEX(('Cư dân'!$B$2:$B$2000=A39)*('Cư dân'!$I$2:$I$2000="Chủ hộ"),0),0)),"") -> Nguyễn Phương Thùy | D39: =COUNTIFS('Cư dân'!$B$2:$B$2000,A39,'Cư dân'!$O$2:$O$2000,"Đang ở") -> 4
A40: H039 | B40: 4 ngõ 17 Tạ Quang Bửu | C40: =IFERROR(INDEX('Cư dân'!$C$2:$C$2000,MATCH(1,INDEX(('Cư dân'!$B$2:$B$2000=A40)*('Cư dân'!$I$2:$I$2000="Chủ hộ"),0),0)),"") -> Bùi Ngọc Quang | D40: =COUNTIFS('Cư dân'!$B$2:$B$2000,A40,'Cư dân'!$O$2:$O$2000,"Đang ở") -> 3
A41: H040 | B41: 6 ngõ 17 Tạ Quang Bửu | C41: =IFERROR(INDEX('Cư dân'!$C$2:$C$2000,MATCH(1,INDEX(('Cư dân'!$B$2:$B$2000=A41)*('Cư dân'!$I$2:$I$2000="Chủ hộ"),0),0)),"") -> Dương Thị Tường | D41: =COUNTIFS('Cư dân'!$B$2:$B$2000,A41,'Cư dân'!$O$2:$O$2000,"Đang ở") -> 5
A42: H041 | B42: 8+10 ngõ 17 Tạ Quang Bửu | C42: =IFERROR(INDEX('Cư dân'!$C$2:$C$2000,MATCH(1,INDEX(('Cư dân'!$B$2:$B$2000=A42)*('Cư dân'!$I$2:$I$2000="Chủ hộ"),0),0)),"") -> Hoàng Mạnh Luân | D42: =COUNTIFS('Cư dân'!$B$2:$B$2000,A42,'Cư dân'!$O$2:$O$2000,"Đang ở") -> 4
A43: H042 | B43: 12 ngõ 17 Tạ Quang Bửu | C43: =IFERROR(INDEX('Cư dân'!$C$2:$C$2000,MATCH(1,INDEX(('Cư dân'!$B$2:$B$2000=A43)*('Cư dân'!$I$2:$I$2000="Chủ hộ"),0),0)),"") -> Trần Hoàng Anh | D43: =COUNTIFS('Cư dân'!$B$2:$B$2000,A43,'Cư dân'!$O$2:$O$2000,"Đang ở") -> 4
A44: H043 | B44: 14 ngõ 17 Tạ Quang Bửu | C44: =IFERROR(INDEX('Cư dân'!$C$2:$C$2000,MATCH(1,INDEX(('Cư dân'!$B$2:$B$2000=A44)*('Cư dân'!$I$2:$I$2000="Chủ hộ"),0),0)),"") -> Phan Ái Thơ | D44: =COUNTIFS('Cư dân'!$B$2:$B$2000,A44,'Cư dân'!$O$2:$O$2000,"Đang ở") -> 5
A45: H044 | B45: 18 ngõ 17 Tạ Quang Bửu | C45: =IFERROR(INDEX('Cư dân'!$C$2:$C$2000,MATCH(1,INDEX(('Cư dân'!$B$2:$B$2000=A45)*('Cư dân'!$I$2:$I$2000="Chủ hộ"),0),0)),"") -> Nguyễn Thị Tuấn Sửu | D45: =COUNTIFS('Cư dân'!$B$2:$B$2000,A45,'Cư dân'!$O$2:$O$2000,"Đang ở") -> 7
A46: H045 | B46: 20 ngõ 17 Tạ Quang Bửu | C46: =IFERROR(INDEX('Cư dân'!$C$2:$C$2000,MATCH(1,INDEX(('Cư dân'!$B$2:$B$2000=A46)*('Cư dân'!$I$2:$I$2000="Chủ hộ"),0),0)),"") -> Nguyễn Mộng Thược | D46: =COUNTIFS('Cư dân'!$B$2:$B$2000,A46,'Cư dân'!$O$2:$O$2000,"Đang ở") -> 1
... A53: H052 | B53: 36 ngõ 17 Tạ Quang Bửu | C53: =IFERROR(INDEX('Cư dân'!$C$2:$C$2000,MATCH(1,INDEX(('Cư dân'!$B$2:$B$2000=A53)*('Cư dân'!$I$2:$I$2000="Chủ hộ"),0),0)),"") -> Nguyễn Thị Thanh Quang | D53: =COUNTIFS('Cư dân'!$B$2:$B$2000,A53,'Cư dân'!$O$2:$O$2000,"Đang ở") -> 6
A54: H053 | B54: 36A ngõ 17 Tạ Quang Bửu | C54: =IFERROR(INDEX('Cư dân'!$C$2:$C$2000,MATCH(1,INDEX(('Cư dân'!$B$2:$B$2000=A54)*('Cư dân'!$I$2:$I$2000="Chủ hộ"),0),0)),"") -> Hoàng Bích Ngọc | D54: =COUNTIFS('Cư dân'!$B$2:$B$2000,A54,'Cư dân'!$O$2:$O$2000,"Đang ở") -> 3 | F54: Chủ hộ có ghi chú bán nhà/không ở – kiểm tra cả hộ
A55: H054 | B55: 36B ngõ 17 Tạ Quang Bửu | C55: =IFERROR(INDEX('Cư dân'!$C$2:$C$2000,MATCH(1,INDEX(('Cư dân'!$B$2:$B$2000=A55)*('Cư dân'!$I$2:$I$2000="Chủ hộ"),0),0)),"") -> Nguyễn Thị Trúc | D55: =COUNTIFS('Cư dân'!$B$2:$B$2000,A55,'Cư dân'!$O$2:$O$2000,"Đang ở") -> 6
A56: H055 | B56: 38 ngõ 17 Tạ Quang Bửu | C56: =IFERROR(INDEX('Cư dân'!$C$2:$C$2000,MATCH(1,INDEX(('Cư dân'!$B$2:$B$2000=A56)*('Cư dân'!$I$2:$I$2000="Chủ hộ"),0),0)),"") -> Trần Thúy Hồng | D56: =COUNTIFS('Cư dân'!$B$2:$B$2000,A56,'Cư dân'!$O$2:$O$2000,"Đang ở") -> 10
A57: H056 | B57: 3 ngõ 17 Tạ Quang Bửu | C57: =IFERROR(INDEX('Cư dân'!$C$2:$C$2000,MATCH(1,INDEX(('Cư dân'!$B$2:$B$2000=A57)*('Cư dân'!$I$2:$I$2000="Chủ hộ"),0),0)),"") -> Nguyễn Phương Thùy | D57: =COUNTIFS('Cư dân'!$B$2:$B$2000,A57,'Cư dân'!$O$2:$O$2000,"Đang ở") -> 4
A58: H057 | B58: 7 ngõ 17 Tạ Quang Bửu | C58: =IFERROR(INDEX('Cư dân'!$C$2:$C$2000,MATCH(1,INDEX(('Cư dân'!$B$2:$B$2000=A58)*('Cư dân'!$I$2:$I$2000="Chủ hộ"),0),0)),"") -> Văn Như Lai | D58: =COUNTIFS('Cư dân'!$B$2:$B$2000,A58,'Cư dân'!$O$2:$O$2000,"Đang ở") -> 9
A59: H058 | B59: 9 ngõ 17 Tạ Quang Bửu | C59: =IFERROR(INDEX('Cư dân'!$C$2:$C$2000,MATCH(1,INDEX(('Cư dân'!$B$2:$B$2000=A59)*('Cư dân'!$I$2:$I$2000="Chủ hộ"),0),0)),"") -> Phạm Văn Hà | D59: =COUNTIFS('Cư dân'!$B$2:$B$2000,A59,'Cư dân'!$O$2:$O$2000,"Đang ở") -> 4
A60: H059 | B60: 9 ngõ 17 Tạ Quang Bửu | C60: =IFERROR(INDEX('Cư dân'!$C$2:$C$2000,MATCH(1,INDEX(('Cư dân'!$B$2:$B$2000=A60)*('Cư dân'!$I$2:$I$2000="Chủ hộ"),0),0)),"") -> Phạm Văn Tuấn | D60: =COUNTIFS('Cư dân'!$B$2:$B$2000,A60,'Cư dân'!$O$2:$O$2000,"Đang ở") -> 4
A61: H060 | B61: 11 ngõ 17 Tạ Quang Bửu | C61: =IFERROR(INDEX('Cư dân'!$C$2:$C$2000,MATCH(1,INDEX(('Cư dân'!$B$2:$B$2000=A61)*('Cư dân'!$I$2:$I$2000="Chủ hộ"),0),0)),"") -> Phạm Sỹ Tú | D61: =COUNTIFS('Cư dân'!$B$2:$B$2000,A61,'Cư dân'!$O$2:$O$2000,"Đang ở") -> 9
A62: H061 | B62: 11A ngõ 17 Tạ Quang Bửu | C62: =IFERROR(INDEX('Cư dân'!$C$2:$C$2000,MATCH(1,INDEX(('Cư dân'!$B$2:$B$2000=A62)*('Cư dân'!$I$2:$I$2000="Chủ hộ"),0),0)),"") -> Nguyễn Thị Thu Hà | D62: =COUNTIFS('Cư dân'!$B$2:$B$2000,A62,'Cư dân'!$O$2:$O$2000,"Đang ở") -> 2
A63: H062 | B63: 15 ngõ 17 Tạ Quang Bửu | C63: =IFERROR(INDEX('Cư dân'!$C$2:$C$2000,MATCH(1,INDEX(('Cư dân'!$B$2:$B$2000=A63)*('Cư dân'!$I$2:$I$2000="Chủ hộ"),0),0)),"") -> Nguyễn Thu Hiền | D63: =COUNTIFS('Cư dân'!$B$2:$B$2000,A63,'Cư dân'!$O$2:$O$2000,"Đang ở") -> 5
A64: H063 | B64: 2 ngách 17/2 Tạ Quang Bửu | C64: =IFERROR(INDEX('Cư dân'!$C$2:$C$2000,MATCH(1,INDEX(('Cư dân'!$B$2:$B$2000=A64)*('Cư dân'!$I$2:$I$2000="Chủ hộ"),0),0)),"") -> Lưu Thị Lan Anh | D64: =COUNTIFS('Cư dân'!$B$2:$B$2000,A64,'Cư dân'!$O$2:$O$2000,"Đang ở") -> 2
A65: H064 | B65: 4 ngách 17/2 Tạ Quang Bửu | C65: =IFERROR(INDEX('Cư dân'!$C$2:$C$2000,MATCH(1,INDEX(('Cư dân'!$B$2:$B$2000=A65)*('Cư dân'!$I$2:$I$2000="Chủ hộ"),0),0)),"") -> Nguyễn Thị Quế | D65: =COUNTIFS('Cư dân'!$B$2:$B$2000,A65,'Cư dân'!$O$2:$O$2000,"Đang ở") -> 1
A66: H065 | B66: 4 ngách 17/2 Tạ Quang Bửu | C66: =IFERROR(INDEX('Cư dân'!$C$2:$C$2000,MATCH(1,INDEX(('Cư dân'!$B$2:$B$2000=A66)*('Cư dân'!$I$2:$I$2000="Chủ hộ"),0),0)),"") -> Phạm Việt Hoàng Tùng | D66: =COUNTIFS('Cư dân'!$B$2:$B$2000,A66,'Cư dân'!$O$2:$O$2000,"Đang ở") -> 3
... A71: H070 | B71: 10 ngách 17/2 Tạ Quang Bửu | C71: =IFERROR(INDEX('Cư dân'!$C$2:$C$2000,MATCH(1,INDEX(('Cư dân'!$B$2:$B$2000=A71)*('Cư dân'!$I$2:$I$2000="Chủ hộ"),0),0)),"") -> Đinh Xuân Bái | D71: =COUNTIFS('Cư dân'!$B$2:$B$2000,A71,'Cư dân'!$O$2:$O$2000,"Đang ở") -> 7
A72: H071 | B72: 14 ngách 17/2 Tạ Quang Bửu | C72: =IFERROR(INDEX('Cư dân'!$C$2:$C$2000,MATCH(1,INDEX(('Cư dân'!$B$2:$B$2000=A72)*('Cư dân'!$I$2:$I$2000="Chủ hộ"),0),0)),"") -> Nguyễn Duy Chính | D72: =COUNTIFS('Cư dân'!$B$2:$B$2000,A72,'Cư dân'!$O$2:$O$2000,"Đang ở") -> 7 | F72: Thành viên ghi khác địa chỉ: 12 ngách 17/2 Tạ Quang Bửu / 14 ngách 17/2 Tạ Quang Bửu
A73: H072 | B73: 18 ngách 17/2 Tạ Quang Bửu | C73: =IFERROR(INDEX('Cư dân'!$C$2:$C$2000,MATCH(1,INDEX(('Cư dân'!$B$2:$B$2000=A73)*('Cư dân'!$I$2:$I$2000="Chủ hộ"),0),0)),"") -> Đỗ Thị Thúy | D73: =COUNTIFS('Cư dân'!$B$2:$B$2000,A73,'Cư dân'!$O$2:$O$2000,"Đang ở") -> 1
A74: H073 | B74: 18 ngách 17/2 Tạ Quang Bửu | C74: =IFERROR(INDEX('Cư dân'!$C$2:$C$2000,MATCH(1,INDEX(('Cư dân'!$B$2:$B$2000=A74)*('Cư dân'!$I$2:$I$2000="Chủ hộ"),0),0)),"") -> Đổng Trọng Long | D74: =COUNTIFS('Cư dân'!$B$2:$B$2000,A74,'Cư dân'!$O$2:$O$2000,"Đang ở") -> 8
A75: H074 | B75: 20 ngách 17/2 Tạ Quang Bửu | C75: =IFERROR(INDEX('Cư dân'!$C$2:$C$2000,MATCH(1,INDEX(('Cư dân'!$B$2:$B$2000=A75)*('Cư dân'!$I$2:$I$2000="Chủ hộ"),0),0)),"") -> Đỗ Thị Việt Nga | D75: =COUNTIFS('Cư dân'!$B$2:$B$2000,A75,'Cư dân'!$O$2:$O$2000,"Đang ở") -> 5
A76: H075 | B76: 22 ngách 17/2 Tạ Quang Bửu | C76: =IFERROR(INDEX('Cư dân'!$C$2:$C$2000,MATCH(1,INDEX(('Cư dân'!$B$2:$B$2000=A76)*('Cư dân'!$I$2:$I$2000="Chủ hộ"),0),0)),"") -> Đỗ Nhật Anh | D76: =COUNTIFS('Cư dân'!$B$2:$B$2000,A76,'Cư dân'!$O$2:$O$2000,"Đang ở") -> 6
A77: H076 | B77: 1 ngách 17/2 Tạ Quang Bửu | C77: =IFERROR(INDEX('Cư dân'!$C$2:$C$2000,MATCH(1,INDEX(('Cư dân'!$B$2:$B$2000=A77)*('Cư dân'!$I$2:$I$2000="Chủ hộ"),0),0)),"") -> Vũ Thị Minh | D77: =COUNTIFS('Cư dân'!$B$2:$B$2000,A77,'Cư dân'!$O$2:$O$2000,"Đang ở") -> 7
A78: H077 | B78: 5 ngách 17/2 Tạ Quang Bửu | C78: =IFERROR(INDEX('Cư dân'!$C$2:$C$2000,MATCH(1,INDEX(('Cư dân'!$B$2:$B$2000=A78)*('Cư dân'!$I$2:$I$2000="Chủ hộ"),0),0)),"") -> Nguyễn Thị Minh | D78: =COUNTIFS('Cư dân'!$B$2:$B$2000,A78,'Cư dân'!$O$2:$O$2000,"Đang ở") -> 6
A79: H078 | B79: 7 ngách 17/2 Tạ Quang Bửu | C79: =IFERROR(INDEX('Cư dân'!$C$2:$C$2000,MATCH(1,INDEX(('Cư dân'!$B$2:$B$2000=A79)*('Cư dân'!$I$2:$I$2000="Chủ hộ"),0),0)),"") -> Nguyễn Xuân Khiêm | D79: =COUNTIFS('Cư dân'!$B$2:$B$2000,A79,'Cư dân'!$O$2:$O$2000,"Đang ở") -> 5
A80: H079 | B80: 9 ngách 17/2 Tạ Quang Bửu | C80: =IFERROR(INDEX('Cư dân'!$C$2:$C$2000,MATCH(1,INDEX(('Cư dân'!$B$2:$B$2000=A80)*('Cư dân'!$I$2:$I$2000="Chủ hộ"),0),0)),"") -> Ngô Thị Nga | D80: =COUNTIFS('Cư dân'!$B$2:$B$2000,A80,'Cư dân'!$O$2:$O$2000,"Đang ở") -> 6
A81: H080 | B81: 1 ngách 17/9 Tạ Quang Bửu | C81: =IFERROR(INDEX('Cư dân'!$C$2:$C$2000,MATCH(1,INDEX(('Cư dân'!$B$2:$B$2000=A81)*('Cư dân'!$I$2:$I$2000="Chủ hộ"),0),0)),"") -> Đặng Bảo Lâm | D81: =COUNTIFS('Cư dân'!$B$2:$B$2000,A81,'Cư dân'!$O$2:$O$2000,"Đang ở") -> 4
A82: H081 | B82: 1A ngách 17/9 Tạ Quang Bửu | C82: =IFERROR(INDEX('Cư dân'!$C$2:$C$2000,MATCH(1,INDEX(('Cư dân'!$B$2:$B$2000=A82)*('Cư dân'!$I$2:$I$2000="Chủ hộ"),0),0)),"") -> Trần Lê Phương | D82: =COUNTIFS('Cư dân'!$B$2:$B$2000,A82,'Cư dân'!$O$2:$O$2000,"Đang ở") -> 1
A83: H082 | B83: 2 ngách 17/9 Tạ Quang Bửu | C83: =IFERROR(INDEX('Cư dân'!$C$2:$C$2000,MATCH(1,INDEX(('Cư dân'!$B$2:$B$2000=A83)*('Cư dân'!$I$2:$I$2000="Chủ hộ"),0),0)),"") -> Lê Thị Vân Nương | D83: =COUNTIFS('Cư dân'!$B$2:$B$2000,A83,'Cư dân'!$O$2:$O$2000,"Đang ở") -> 4
A84: H083 | B84: 4 ngách 17/9 Tạ Quang Bửu | C84: =IFERROR(INDEX('Cư dân'!$C$2:$C$2000,MATCH(1,INDEX(('Cư dân'!$B$2:$B$2000=A84)*('Cư dân'!$I$2:$I$2000="Chủ hộ"),0),0)),"") -> Nguyễn Thị Việt Hưng | D84: =COUNTIFS('Cư dân'!$B$2:$B$2000,A84,'Cư dân'!$O$2:$O$2000,"Đang ở") -> 8
... A92: H091 | B92: 101 E4 Bách Khoa | C92: =IFERROR(INDEX('Cư dân'!$C$2:$C$2000,MATCH(1,INDEX(('Cư dân'!$B$2:$B$2000=A92)*('Cư dân'!$I$2:$I$2000="Chủ hộ"),0),0)),"") -> Nguyễn Trung Kiên | D92: =COUNTIFS('Cư dân'!$B$2:$B$2000,A92,'Cư dân'!$O$2:$O$2000,"Đang ở") -> 4
A93: H092 | B93: 103 E4 Bách Khoa | C93: =IFERROR(INDEX('Cư dân'!$C$2:$C$2000,MATCH(1,INDEX(('Cư dân'!$B$2:$B$2000=A93)*('Cư dân'!$I$2:$I$2000="Chủ hộ"),0),0)),"") -> Phan Thị Mai Hương | D93: =COUNTIFS('Cư dân'!$B$2:$B$2000,A93,'Cư dân'!$O$2:$O$2000,"Đang ở") -> 8 | F93: Thành viên ghi khác địa chỉ: 103 E4 Bách Khoa / 104 E4 Bách Khoa
A94: H093 | B94: 104 E4 Bách Khoa | C94: =IFERROR(INDEX('Cư dân'!$C$2:$C$2000,MATCH(1,INDEX(('Cư dân'!$B$2:$B$2000=A94)*('Cư dân'!$I$2:$I$2000="Chủ hộ"),0),0)),"") -> Lê Văn Huy | D94: =COUNTIFS('Cư dân'!$B$2:$B$2000,A94,'Cư dân'!$O$2:$O$2000,"Đang ở") -> 4
A95: H094 | B95: 108 E4 Bách Khoa | C95: =IFERROR(INDEX('Cư dân'!$C$2:$C$2000,MATCH(1,INDEX(('Cư dân'!$B$2:$B$2000=A95)*('Cư dân'!$I$2:$I$2000="Chủ hộ"),0),0)),"") -> Đỗ Văn Huấn | D95: =COUNTIFS('Cư dân'!$B$2:$B$2000,A95,'Cư dân'!$O$2:$O$2000,"Đang ở") -> 1
A96: H095 | B96: 109 E4 Bách Khoa | C96: =IFERROR(INDEX('Cư dân'!$C$2:$C$2000,MATCH(1,INDEX(('Cư dân'!$B$2:$B$2000=A96)*('Cư dân'!$I$2:$I$2000="Chủ hộ"),0),0)),"") -> Phạm Quang Phúc | D96: =COUNTIFS('Cư dân'!$B$2:$B$2000,A96,'Cư dân'!$O$2:$O$2000,"Đang ở") -> 7
A97: H096 | B97: 113 E4 Bách Khoa | C97: =IFERROR(INDEX('Cư dân'!$C$2:$C$2000,MATCH(1,INDEX(('Cư dân'!$B$2:$B$2000=A97)*('Cư dân'!$I$2:$I$2000="Chủ hộ"),0),0)),"") -> Phạm Quang Dội | D97: =COUNTIFS('Cư dân'!$B$2:$B$2000,A97,'Cư dân'!$O$2:$O$2000,"Đang ở") -> 5
A98: H097 | B98: 114 E4 Bách Khoa | C98: =IFERROR(INDEX('Cư dân'!$C$2:$C$2000,MATCH(1,INDEX(('Cư dân'!$B$2:$B$2000=A98)*('Cư dân'!$I$2:$I$2000="Chủ hộ"),0),0)),"") -> Vũ Xuân Ngọc | D98: =COUNTIFS('Cư dân'!$B$2:$B$2000,A98,'Cư dân'!$O$2:$O$2000,"Đang ở") -> 4
A99: H098 | B99: 115 E4 Bách Khoa | C99: =IFERROR(INDEX('Cư dân'!$C$2:$C$2000,MATCH(1,INDEX(('Cư dân'!$B$2:$B$2000=A99)*('Cư dân'!$I$2:$I$2000="Chủ hộ"),0),0)),"") -> Đặng Thanh Thúy | D99: =COUNTIFS('Cư dân'!$B$2:$B$2000,A99,'Cư dân'!$O$2:$O$2000,"Đang ở") -> 8
A100: H099 | B100: 201 E4 Bách Khoa | C100: =IFERROR(INDEX('Cư dân'!$C$2:$C$2000,MATCH(1,INDEX(('Cư dân'!$B$2:$B$2000=A100)*('Cư dân'!$I$2:$I$2000="Chủ hộ"),0),0)),"") -> Nguyễn Thị Hậu | D100: =COUNTIFS('Cư dân'!$B$2:$B$2000,A100,'Cư dân'!$O$2:$O$2000,"Đang ở") -> 1
A101: H100 | B101: 203 E4 Bách Khoa | C101: =IFERROR(INDEX('Cư dân'!$C$2:$C$2000,MATCH(1,INDEX(('Cư dân'!$B$2:$B$2000=A101)*('Cư dân'!$I$2:$I$2000="Chủ hộ"),0),0)),"") -> Lê Thanh Thúy | D101: =COUNTIFS('Cư dân'!$B$2:$B$2000,A101,'Cư dân'!$O$2:$O$2000,"Đang ở") -> 3
A102: H101 | B102: 204 E4 Bách Khoa | C102: =IFERROR(INDEX('Cư dân'!$C$2:$C$2000,MATCH(1,INDEX(('Cư dân'!$B$2:$B$2000=A102)*('Cư dân'!$I$2:$I$2000="Chủ hộ"),0),0)),"") -> Lê Ngọc Huyền | D102: =COUNTIFS('Cư dân'!$B$2:$B$2000,A102,'Cư dân'!$O$2:$O$2000,"Đang ở") -> 1
A103: H102 | B103: 205 E4 Bách Khoa | C103: =IFERROR(INDEX('Cư dân'!$C$2:$C$2000,MATCH(1,INDEX(('Cư dân'!$B$2:$B$2000=A103)*('Cư dân'!$I$2:$I$2000="Chủ hộ"),0),0)),"") -> Gạo | D103: =COUNTIFS('Cư dân'!$B$2:$B$2000,A103,'Cư dân'!$O$2:$O$2000,"Đang ở") -> 1
A104: H103 | B104: 206 E4 Bách Khoa | C104: =IFERROR(INDEX('Cư dân'!$C$2:$C$2000,MATCH(1,INDEX(('Cư dân'!$B$2:$B$2000=A104)*('Cư dân'!$I$2:$I$2000="Chủ hộ"),0),0)),"") -> Ngọ Văn Thắng | D104: =COUNTIFS('Cư dân'!$B$2:$B$2000,A104,'Cư dân'!$O$2:$O$2000,"Đang ở") -> 8
A105: H104 | B105: 207 E4 Bách Khoa | C105: =IFERROR(INDEX('Cư dân'!$C$2:$C$2000,MATCH(1,INDEX(('Cư dân'!$B$2:$B$2000=A105)*('Cư dân'!$I$2:$I$2000="Chủ hộ"),0),0)),"") -> Đỗ Công Viễn | D105: =COUNTIFS('Cư dân'!$B$2:$B$2000,A105,'Cư dân'!$O$2:$O$2000,"Đang ở") -> 4
... A154: H153 | B154: 516 E4 Bách Khoa | C154: =IFERROR(INDEX('Cư dân'!$C$2:$C$2000,MATCH(1,INDEX(('Cư dân'!$B$2:$B$2000=A154)*('Cư dân'!$I$2:$I$2000="Chủ hộ"),0),0)),"") -> Đỗ Văn Cường | D154: =COUNTIFS('Cư dân'!$B$2:$B$2000,A154,'Cư dân'!$O$2:$O$2000,"Đang ở") -> 3
A155: H154 | B155: 5 ngõ 17 Tạ Quang Bửu | C155: =IFERROR(INDEX('Cư dân'!$C$2:$C$2000,MATCH(1,INDEX(('Cư dân'!$B$2:$B$2000=A155)*('Cư dân'!$I$2:$I$2000="Chủ hộ"),0),0)),"") -> Nguyễn Quốc Hùng | D155: =COUNTIFS('Cư dân'!$B$2:$B$2000,A155,'Cư dân'!$O$2:$O$2000,"Đang ở") -> 4 | F155: Hộ mới, thêm từ DS cử tri / Quân sự – kiểm tra chủ hộ và thành viên
A156: H155 | B156: 16 ngõ 17 Tạ Quang Bửu | C156: =IFERROR(INDEX('Cư dân'!$C$2:$C$2000,MATCH(1,INDEX(('Cư dân'!$B$2:$B$2000=A156)*('Cư dân'!$I$2:$I$2000="Chủ hộ"),0),0)),"") -> Dương Thị Oanh | D156: =COUNTIFS('Cư dân'!$B$2:$B$2000,A156,'Cư dân'!$O$2:$O$2000,"Đang ở") -> 9 | F156: Hộ mới, thêm từ DS cử tri / Quân sự – kiểm tra chủ hộ và thành viên
A157: H156 | B157: 7 ngách 17/9 Tạ Quang Bửu | C157: =IFERROR(INDEX('Cư dân'!$C$2:$C$2000,MATCH(1,INDEX(('Cư dân'!$B$2:$B$2000=A157)*('Cư dân'!$I$2:$I$2000="Chủ hộ"),0),0)),"") -> Nguyễn Thi Thu Hằng | D157: =COUNTIFS('Cư dân'!$B$2:$B$2000,A157,'Cư dân'!$O$2:$O$2000,"Đang ở") -> 1 | F157: Hộ mới, thêm từ DS cử tri / Quân sự – kiểm tra chủ hộ và thành viên
A158: H157 | B158: 105 E4 Bách Khoa | C158: =IFERROR(INDEX('Cư dân'!$C$2:$C$2000,MATCH(1,INDEX(('Cư dân'!$B$2:$B$2000=A158)*('Cư dân'!$I$2:$I$2000="Chủ hộ"),0),0)),"") -> Nguyễn Khắc Hiếu | D158: =COUNTIFS('Cư dân'!$B$2:$B$2000,A158,'Cư dân'!$O$2:$O$2000,"Đang ở") -> 1 | F158: Hộ mới, thêm từ DS cử tri / Quân sự – kiểm tra chủ hộ và thành viên
A159: H158 | B159: phòng 3 dãy 46, Tạ Quang Bửu | C159: =IFERROR(INDEX('Cư dân'!$C$2:$C$2000,MATCH(1,INDEX(('Cư dân'!$B$2:$B$2000=A159)*('Cư dân'!$I$2:$I$2000="Chủ hộ"),0),0)),"") -> Phạm Thị Thao | D159: =COUNTIFS('Cư dân'!$B$2:$B$2000,A159,'Cư dân'!$O$2:$O$2000,"Đang ở") -> 0 | F159: Hộ mới, thêm từ DS cử tri / Quân sự – kiểm tra chủ hộ và thành viên
A160: H159 | B160: 11 ngách 40/2 Tạ Quang Bửu | C160: =IFERROR(INDEX('Cư dân'!$C$2:$C$2000,MATCH(1,INDEX(('Cư dân'!$B$2:$B$2000=A160)*('Cư dân'!$I$2:$I$2000="Chủ hộ"),0),0)),"") -> Nguyễn Thu Thủy | D160: =COUNTIFS('Cư dân'!$B$2:$B$2000,A160,'Cư dân'!$O$2:$O$2000,"Đang ở") -> 2 | F160: Hộ mới, thêm từ DS cử tri / Quân sự – kiểm tra chủ hộ và thành viên
A161: H160 | B161: Chưa xác định địa chỉ | C161: =IFERROR(INDEX('Cư dân'!$C$2:$C$2000,MATCH(1,INDEX(('Cư dân'!$B$2:$B$2000=A161)*('Cư dân'!$I$2:$I$2000="Chủ hộ"),0),0)),"") | D161: =COUNTIFS('Cư dân'!$B$2:$B$2000,A161,'Cư dân'!$O$2:$O$2000,"Đang ở") -> 8 | F161: Người từ danh sách Quân sự 2005 không ghi địa chỉ – chuyển từng người sang đúng hộ
A162: H161 | B162: 6 ngõ 15 Tạ Quang Bửu | C162: =IFERROR(INDEX('Cư dân'!$C$2:$C$2000,MATCH(1,INDEX(('Cư dân'!$B$2:$B$2000=A162)*('Cư dân'!$I$2:$I$2000="Chủ hộ"),0),0)),"") | D162: =COUNTIFS('Cư dân'!$B$2:$B$2000,A162,'Cư dân'!$O$2:$O$2000,"Đang ở") -> 2

Sheet Cư dân
A1: Mã CD | B1: Mã hộ | C1: Họ và tên | D1: Giới tính | E1: Ngày sinh | F1: Năm sinh | G1: Tuổi | H1: Nhóm tuổi | I1: Quan hệ với chủ hộ | J1: Địa chỉ | K1: CCCD | L1: Điện thoại | M1: Nghề nghiệp | N1: Cử tri | O1: Tình trạng | P1: Ghi chú | Q1: Nguồn thông tin | R1: Cần kiểm tra
A2: CD0001 | B2: H001 | C2: Phạm Thị Ngân | D2: Nữ | E2: 13150 | F2: 1936 | G2: =IF(F2="","",YEAR(TODAY())-F2) -> 90 | H2: =IF(C2="","",IF(G2="","Thiếu thông tin",IF(G2<6,"Trẻ em",IF(G2<23,"Học sinh / Sinh viên",IF(G2<60,"Đang đi làm","Nghỉ hưu"))))) -> Nghỉ hưu | I2: Chủ hộ | J2: =IF(B2="","",IFERROR(INDEX('Hộ gia đình'!$B$2:$B$2000,MATCH(B2,'Hộ gia đình'!$A$2:$A$2000,0)),"Mã hộ không tồn tại")) -> 40 Lê Thanh Nghị | K2: 001136007902 | M2: Hưu trí | N2: Có | O2: Đang ở | P2: Ở quê | Q2: Sổ cư dân, DS cử tri | R2: Ghi chú cho thấy có thể không còn ở tổ – kiểm tra Tình trạng
A3: CD0002 | B3: H001 | C3: Tạ Văn Long | F3: 1961 | G3: =IF(F3="","",YEAR(TODAY())-F3) -> 65 | H3: =IF(C3="","",IF(G3="","Thiếu thông tin",IF(G3<6,"Trẻ em",IF(G3<23,"Học sinh / Sinh viên",IF(G3<60,"Đang đi làm","Nghỉ hưu"))))) -> Nghỉ hưu | J3: =IF(B3="","",IFERROR(INDEX('Hộ gia đình'!$B$2:$B$2000,MATCH(B3,'Hộ gia đình'!$A$2:$A$2000,0)),"Mã hộ không tồn tại")) -> 40 Lê Thanh Nghị | N3: Không | O3: Đang ở | Q3: Sổ cư dân
A4: CD0003 | B4: H001 | C4: Trần Mai Anh | F4: 1966 | G4: =IF(F4="","",YEAR(TODAY())-F4) -> 60 | H4: =IF(C4="","",IF(G4="","Thiếu thông tin",IF(G4<6,"Trẻ em",IF(G4<23,"Học sinh / Sinh viên",IF(G4<60,"Đang đi làm","Nghỉ hưu"))))) -> Nghỉ hưu | J4: =IF(B4="","",IFERROR(INDEX('Hộ gia đình'!$B$2:$B$2000,MATCH(B4,'Hộ gia đình'!$A$2:$A$2000,0)),"Mã hộ không tồn tại")) -> 40 Lê Thanh Nghị | N4: Không | O4: Đang ở | Q4: Sổ cư dân
A5: CD0004 | B5: H001 | C5: Tạ Anh Quân | E5: 33828 | F5: 1992 | G5: =IF(F5="","",YEAR(TODAY())-F5) -> 34 | H5: =IF(C5="","",IF(G5="","Thiếu thông tin",IF(G5<6,"Trẻ em",IF(G5<23,"Học sinh / Sinh viên",IF(G5<60,"Đang đi làm","Nghỉ hưu"))))) -> Đang đi làm | J5: =IF(B5="","",IFERROR(INDEX('Hộ gia đình'!$B$2:$B$2000,MATCH(B5,'Hộ gia đình'!$A$2:$A$2000,0)),"Mã hộ không tồn tại")) -> 40 Lê Thanh Nghị | N5: Không | O5: Đang ở | Q5: Sổ cư dân
A6: CD0005 | B6: H001 | C6: Tạ Đình Đức | E6: 36746 | F6: 2000 | G6: =IF(F6="","",YEAR(TODAY())-F6) -> 26 | H6: =IF(C6="","",IF(G6="","Thiếu thông tin",IF(G6<6,"Trẻ em",IF(G6<23,"Học sinh / Sinh viên",IF(G6<60,"Đang đi làm","Nghỉ hưu"))))) -> Đang đi làm | J6: =IF(B6="","",IFERROR(INDEX('Hộ gia đình'!$B$2:$B$2000,MATCH(B6,'Hộ gia đình'!$A$2:$A$2000,0)),"Mã hộ không tồn tại")) -> 40 Lê Thanh Nghị | N6: Không | O6: Đang ở | Q6: Sổ cư dân, Quân sự 2005
A7: CD0006 | B7: H001 | C7: Tạ Đình Quang Hưng | F7: 2020 | G7: =IF(F7="","",YEAR(TODAY())-F7) -> 6 | H7: =IF(C7="","",IF(G7="","Thiếu thông tin",IF(G7<6,"Trẻ em",IF(G7<23,"Học sinh / Sinh viên",IF(G7<60,"Đang đi làm","Nghỉ hưu"))))) -> Học sinh / Sinh viên | J7: =IF(B7="","",IFERROR(INDEX('Hộ gia đình'!$B$2:$B$2000,MATCH(B7,'Hộ gia đình'!$A$2:$A$2000,0)),"Mã hộ không tồn tại")) -> 40 Lê Thanh Nghị | N7: Không | O7: Đang ở | Q7: Sổ cư dân, Quân sự 2005
A8: CD0007 | B8: H001 | C8: Nguyễn Tiến Tiến | D8: Nam | E8: 22088 | F8: 1960 | G8: =IF(F8="","",YEAR(TODAY())-F8) -> 66 | H8: =IF(C8="","",IF(G8="","Thiếu thông tin",IF(G8<6,"Trẻ em",IF(G8<23,"Học sinh / Sinh viên",IF(G8<60,"Đang đi làm","Nghỉ hưu"))))) -> Nghỉ hưu | J8: =IF(B8="","",IFERROR(INDEX('Hộ gia đình'!$B$2:$B$2000,MATCH(B8,'Hộ gia đình'!$A$2:$A$2000,0)),"Mã hộ không tồn tại")) -> 40 Lê Thanh Nghị | K8: 001060008221 | M8: Hưu trí | N8: Có | O8: Đang ở | Q8: DS cử tri
A9: CD0008 | B9: H001 | C9: Tạ Thi Lan | D9: Nữ | E9: 24666 | F9: 1967 | G9: =IF(F9="","",YEAR(TODAY())-F9) -> 59 | H9: =IF(C9="","",IF(G9="","Thiếu thông tin",IF(G9<6,"Trẻ em",IF(G9<23,"Học sinh / Sinh viên",IF(G9<60,"Đang đi làm","Nghỉ hưu"))))) -> Đang đi làm | J9: =IF(B9="","",IFERROR(INDEX('Hộ gia đình'!$B$2:$B$2000,MATCH(B9,'Hộ gia đình'!$A$2:$A$2000,0)),"Mã hộ không tồn tại")) -> 40 Lê Thanh Nghị | K9: 011677014757 | M9: CN | N9: Có | O9: Đang ở | Q9: DS cử tri
A10: CD0009 | B10: H001 | C10: Nguyễn Thị Thảo My | D10: Nữ | E10: 35397 | F10: 1996 | G10: =IF(F10="","",YEAR(TODAY())-F10) -> 30 | H10: =IF(C10="","",IF(G10="","Thiếu thông tin",IF(G10<6,"Trẻ em",IF(G10<23,"Học sinh / Sinh viên",IF(G10<60,"Đang đi làm","Nghỉ hưu"))))) -> Đang đi làm | J10: =IF(B10="","",IFERROR(INDEX('Hộ gia đình'!$B$2:$B$2000,MATCH(B10,'Hộ gia đình'!$A$2:$A$2000,0)),"Mã hộ không tồn tại")) -> 40 Lê Thanh Nghị | K10: 001196013999 | M10: nhân viên | N10: Có | O10: Đang ở | Q10: DS cử tri
A11: CD0010 | B11: H001 | C11: Nguyễn Khoa Đăng | D11: Nam | E11: 38111 | F11: 2004 | G11: =IF(F11="","",YEAR(TODAY())-F11) -> 22 | H11: =IF(C11="","",IF(G11="","Thiếu thông tin",IF(G11<6,"Trẻ em",IF(G11<23,"Học sinh / Sinh viên",IF(G11<60,"Đang đi làm","Nghỉ hưu"))))) -> Học sinh / Sinh viên | J11: =IF(B11="","",IFERROR(INDEX('Hộ gia đình'!$B$2:$B$2000,MATCH(B11,'Hộ gia đình'!$A$2:$A$2000,0)),"Mã hộ không tồn tại")) -> 40 Lê Thanh Nghị | K11: 001204031774 | M11: sinh viên | N11: Có | O11: Đang ở | Q11: DS cử tri
A12: CD0011 | B12: H002 | C12: Tạ Đình Tuấn | F12: 1972 | G12: =IF(F12="","",YEAR(TODAY())-F12) -> 54 | H12: =IF(C12="","",IF(G12="","Thiếu thông tin",IF(G12<6,"Trẻ em",IF(G12<23,"Học sinh / Sinh viên",IF(G12<60,"Đang đi làm","Nghỉ hưu"))))) -> Đang đi làm | I12: Chủ hộ | J12: =IF(B12="","",IFERROR(INDEX('Hộ gia đình'!$B$2:$B$2000,MATCH(B12,'Hộ gia đình'!$A$2:$A$2000,0)),"Mã hộ không tồn tại")) -> 42 Lê Thanh Nghị | N12: Không | O12: Đang ở | Q12: Sổ cư dân
A13: CD0012 | B13: H002 | C13: Doãn Ngọc Diệp | F13: 1973 | G13: =IF(F13="","",YEAR(TODAY())-F13) -> 53 | H13: =IF(C13="","",IF(G13="","Thiếu thông tin",IF(G13<6,"Trẻ em",IF(G13<23,"Học sinh / Sinh viên",IF(G13<60,"Đang đi làm","Nghỉ hưu"))))) -> Đang đi làm | J13: =IF(B13="","",IFERROR(INDEX('Hộ gia đình'!$B$2:$B$2000,MATCH(B13,'Hộ gia đình'!$A$2:$A$2000,0)),"Mã hộ không tồn tại")) -> 42 Lê Thanh Nghị | N13: Không | O13: Đang ở | Q13: Sổ cư dân
A14: CD0013 | B14: H002 | C14: Tạ Tuấn Việt | F14: 1998 | G14: =IF(F14="","",YEAR(TODAY())-F14) -> 28 | H14: =IF(C14="","",IF(G14="","Thiếu thông tin",IF(G14<6,"Trẻ em",IF(G14<23,"Học sinh / Sinh viên",IF(G14<60,"Đang đi làm","Nghỉ hưu"))))) -> Đang đi làm | J14: =IF(B14="","",IFERROR(INDEX('Hộ gia đình'!$B$2:$B$2000,MATCH(B14,'Hộ gia đình'!$A$2:$A$2000,0)),"Mã hộ không tồn tại")) -> 42 Lê Thanh Nghị | N14: Không | O14: Đang ở | Q14: Sổ cư dân, Quân sự 2005
A15: CD0014 | B15: H002 | C15: Tạ Tuấn Phương | E15: 36690 | F15: 2000 | G15: =IF(F15="","",YEAR(TODAY())-F15) -> 26 | H15: =IF(C15="","",IF(G15="","Thiếu thông tin",IF(G15<6,"Trẻ em",IF(G15<23,"Học sinh / Sinh viên",IF(G15<60,"Đang đi làm","Nghỉ hưu"))))) -> Đang đi làm | J15: =IF(B15="","",IFERROR(INDEX('Hộ gia đình'!$B$2:$B$2000,MATCH(B15,'Hộ gia đình'!$A$2:$A$2000,0)),"Mã hộ không tồn tại")) -> 42 Lê Thanh Nghị | N15: Không | O15: Đang ở | Q15: Sổ cư dân, Quân sự 2005
A16: CD0015 | B16: H002 | C16: Tạ Đình Tuấn Khôi | E16: 39912 | F16: 2009 | G16: =IF(F16="","",YEAR(TODAY())-F16) -> 17 | H16: =IF(C16="","",IF(G16="","Thiếu thông tin",IF(G16<6,"Trẻ em",IF(G16<23,"Học sinh / Sinh viên",IF(G16<60,"Đang đi làm","Nghỉ hưu"))))) -> Học sinh / Sinh viên | J16: =IF(B16="","",IFERROR(INDEX('Hộ gia đình'!$B$2:$B$2000,MATCH(B16,'Hộ gia đình'!$A$2:$A$2000,0)),"Mã hộ không tồn tại")) -> 42 Lê Thanh Nghị | N16: Không | O16: Đang ở | Q16: Sổ cư dân, Quân sự 2005
A17: CD0016 | B17: H003 | C17: Lê Thị Hồng | D17: Nữ | E17: 16682 | F17: 1945 | G17: =IF(F17="","",YEAR(TODAY())-F17) -> 81 | H17: =IF(C17="","",IF(G17="","Thiếu thông tin",IF(G17<6,"Trẻ em",IF(G17<23,"Học sinh / Sinh viên",IF(G17<60,"Đang đi làm","Nghỉ hưu"))))) -> Nghỉ hưu | I17: Chủ hộ | J17: =IF(B17="","",IFERROR(INDEX('Hộ gia đình'!$B$2:$B$2000,MATCH(B17,'Hộ gia đình'!$A$2:$A$2000,0)),"Mã hộ không tồn tại")) -> 44 Lê Thanh Nghị | K17: 001145006244 | M17: Hưu trí | N17: Có | O17: Đang ở | Q17: Sổ cư dân, DS cử tri
A18: CD0017 | B18: H004 | C18: Nguyễn Thị Bích Huệ | F18: 1975 | G18: =IF(F18="","",YEAR(TODAY())-F18) -> 51 | H18: =IF(C18="","",IF(G18="","Thiếu thông tin",IF(G18<6,"Trẻ em",IF(G18<23,"Học sinh / Sinh viên",IF(G18<60,"Đang đi làm","Nghỉ hưu"))))) -> Đang đi làm | I18: Chủ hộ | J18: =IF(B18="","",IFERROR(INDEX('Hộ gia đình'!$B$2:$B$2000,MATCH(B18,'Hộ gia đình'!$A$2:$A$2000,0)),"Mã hộ không tồn tại")) -> 44 Lê Thanh Nghị | N18: Không | O18: Đang ở | Q18: Sổ cư dân
A19: CD0018 | B19: H005 | C19: Nguyễn Thị Thu Hằng | D19: Nữ | E19: 28299 | F19: 1977 | G19: =IF(F19="","",YEAR(TODAY())-F19) -> 49 | H19: =IF(C19="","",IF(G19="","Thiếu thông tin",IF(G19<6,"Trẻ em",IF(G19<23,"Học sinh / Sinh viên",IF(G19<60,"Đang đi làm","Nghỉ hưu"))))) -> Đang đi làm | I19: Chủ hộ | J19: =IF(B19="","",IFERROR(INDEX('Hộ gia đình'!$B$2:$B$2000,MATCH(B19,'Hộ gia đình'!$A$2:$A$2000,0)),"Mã hộ không tồn tại")) -> 44 Lê Thanh Nghị | K19: 001177003308 | M19: Kế toán | N19: Có | O19: Đang ở | Q19: Sổ cư dân, DS cử tri
A20: CD0019 | B20: H005 | C20: Nguyễn Công Giảng | F20: 1973 | G20: =IF(F20="","",YEAR(TODAY())-F20) -> 53 | H20: =IF(C20="","",IF(G20="","Thiếu thông tin",IF(G20<6,"Trẻ em",IF(G20<23,"Học sinh / Sinh viên",IF(G20<60,"Đang đi làm","Nghỉ hưu"))))) -> Đang đi làm | J20: =IF(B20="","",IFERROR(INDEX('Hộ gia đình'!$B$2:$B$2000,MATCH(B20,'Hộ gia đình'!$A$2:$A$2000,0)),"Mã hộ không tồn tại")) -> 44 Lê Thanh Nghị | N20: Không | O20: Đang ở | Q20: Sổ cư dân
A21: CD0020 | B21: H005 | C21: Nguyễn Minh Ngân | E21: 41419 | F21: 2013 | G21: =IF(F21="","",YEAR(TODAY())-F21) -> 13 | H21: =IF(C21="","",IF(G21="","Thiếu thông tin",IF(G21<6,"Trẻ em",IF(G21<23,"Học sinh / Sinh viên",IF(G21<60,"Đang đi làm","Nghỉ hưu"))))) -> Học sinh / Sinh viên | J21: =IF(B21="","",IFERROR(INDEX('Hộ gia đình'!$B$2:$B$2000,MATCH(B21,'Hộ gia đình'!$A$2:$A$2000,0)),"Mã hộ không tồn tại")) -> 44 Lê Thanh Nghị | N21: Không | O21: Đang ở | Q21: Sổ cư dân, Quân sự 2005
A22: CD0021 | B22: H005 | C22: Nguyễn Công Giang | E22: 40738 | F22: 2011 | G22: =IF(F22="","",YEAR(TODAY())-F22) -> 15 | H22: =IF(C22="","",IF(G22="","Thiếu thông tin",IF(G22<6,"Trẻ em",IF(G22<23,"Học sinh / Sinh viên",IF(G22<60,"Đang đi làm","Nghỉ hưu"))))) -> Học sinh / Sinh viên | J22: =IF(B22="","",IFERROR(INDEX('Hộ gia đình'!$B$2:$B$2000,MATCH(B22,'Hộ gia đình'!$A$2:$A$2000,0)),"Mã hộ không tồn tại")) -> 44 Lê Thanh Nghị | N22: Không | O22: Đang ở | Q22: Sổ cư dân, Quân sự 2005
A23: CD0022 | B23: H006 | C23: Phạm Văn Khôi | D23: Nam | F23: 1934 | G23: =IF(F23="","",YEAR(TODAY())-F23) -> 92 | H23: =IF(C23="","",IF(G23="","Thiếu thông tin",IF(G23<6,"Trẻ em",IF(G23<23,"Học sinh / Sinh viên",IF(G23<60,"Đang đi làm","Nghỉ hưu"))))) -> Nghỉ hưu | I23: Chủ hộ | J23: =IF(B23="","",IFERROR(INDEX('Hộ gia đình'!$B$2:$B$2000,MATCH(B23,'Hộ gia đình'!$A$2:$A$2000,0)),"Mã hộ không tồn tại")) -> 46 Lê Thanh Nghị | K23: 001034000857 | M23: hưu trí | N23: Có | O23: Đang ở | Q23: Sổ cư dân, DS cử tri | R23: DS cử tri ghi ngày sinh 13/05/1943
A24: CD0023 | B24: H006 | C24: Đỗ Thị Hạnh | D24: Nữ | E24: 15797 | F24: 1943 | G24: =IF(F24="","",YEAR(TODAY())-F24) -> 83 | H24: =IF(C24="","",IF(G24="","Thiếu thông tin",IF(G24<6,"Trẻ em",IF(G24<23,"Học sinh / Sinh viên",IF(G24<60,"Đang đi làm","Nghỉ hưu"))))) -> Nghỉ hưu | J24: =IF(B24="","",IFERROR(INDEX('Hộ gia đình'!$B$2:$B$2000,MATCH(B24,'Hộ gia đình'!$A$2:$A$2000,0)),"Mã hộ không tồn tại")) -> 46 Lê Thanh Nghị | K24: 001143004697 | M24: hưu trí | N24: Có | O24: Đang ở | Q24: Sổ cư dân, DS cử tri
A25: CD0024 | B25: H006 | C25: Phạm Mai Khánh | D25: Nam | E25: 27323 | F25: 1974 | G25: =IF(F25="","",YEAR(TODAY())-F25) -> 52 | H25: =IF(C25="","",IF(G25="","Thiếu thông tin",IF(G25<6,"Trẻ em",IF(G25<23,"Học sinh / Sinh viên",IF(G25<60,"Đang đi làm","Nghỉ hưu"))))) -> Đang đi làm | J25: =IF(B25="","",IFERROR(INDEX('Hộ gia đình'!$B$2:$B$2000,MATCH(B25,'Hộ gia đình'!$A$2:$A$2000,0)),"Mã hộ không tồn tại")) -> 46 Lê Thanh Nghị | K25: 001074003138 | M25: cán bộ | N25: Có | O25: Đang ở | Q25: Sổ cư dân, DS cử tri
A26: CD0025 | B26: H006 | C26: Vũ Thị Giêng | D26: Nữ | E26: 31846 | F26: 1987 | G26: =IF(F26="","",YEAR(TODAY())-F26) -> 39 | H26: =IF(C26="","",IF(G26="","Thiếu thông tin",IF(G26<6,"Trẻ em",IF(G26<23,"Học sinh / Sinh viên",IF(G26<60,"Đang đi làm","Nghỉ hưu"))))) -> Đang đi làm | J26: =IF(B26="","",IFERROR(INDEX('Hộ gia đình'!$B$2:$B$2000,MATCH(B26,'Hộ gia đình'!$A$2:$A$2000,0)),"Mã hộ không tồn tại")) -> 46 Lê Thanh Nghị | K26: 033187000118 | M26: cán bộ | N26: Có | O26: Đang ở | Q26: Sổ cư dân, DS cử tri
A27: CD0026 | B27: H006 | C27: Phạm Tuyết Mai | D27: Nữ | E27: 23525 | F27: 1964 | G27: =IF(F27="","",YEAR(TODAY())-F27) -> 62 | H27: =IF(C27="","",IF(G27="","Thiếu thông tin",IF(G27<6,"Trẻ em",IF(G27<23,"Học sinh / Sinh viên",IF(G27<60,"Đang đi làm","Nghỉ hưu"))))) -> Nghỉ hưu | J27: =IF(B27="","",IFERROR(INDEX('Hộ gia đình'!$B$2:$B$2000,MATCH(B27,'Hộ gia đình'!$A$2:$A$2000,0)),"Mã hộ không tồn tại")) -> 46 Lê Thanh Nghị | K27: 001164022483 | M27: cán bộ | N27: Có | O27: Đang ở | Q27: Sổ cư dân, DS cử tri
A28: CD0027 | B28: H006 | C28: Phạm Lê Đức | F28: 1993 | G28: =IF(F28="","",YEAR(TODAY())-F28) -> 33 | H28: =IF(C28="","",IF(G28="","Thiếu thông tin",IF(G28<6,"Trẻ em",IF(G28<23,"Học sinh / Sinh viên",IF(G28<60,"Đang đi làm","Nghỉ hưu"))))) -> Đang đi làm | J28: =IF(B28="","",IFERROR(INDEX('Hộ gia đình'!$B$2:$B$2000,MATCH(B28,'Hộ gia đình'!$A$2:$A$2000,0)),"Mã hộ không tồn tại")) -> 46 Lê Thanh Nghị | N28: Không | O28: Đang ở | Q28: Sổ cư dân
A29: CD0028 | B29: H006 | C29: Phạm Vũ Khôi Nguyên | E29: 43324 | F29: 2018 | G29: =IF(F29="","",YEAR(TODAY())-F29) -> 8 | H29: =IF(C29="","",IF(G29="","Thiếu thông tin",IF(G29<6,"Trẻ em",IF(G29<23,"Học sinh / Sinh viên",IF(G29<60,"Đang đi làm","Nghỉ hưu"))))) -> Học sinh / Sinh viên | J29: =IF(B29="","",IFERROR(INDEX('Hộ gia đình'!$B$2:$B$2000,MATCH(B29,'Hộ gia đình'!$A$2:$A$2000,0)),"Mã hộ không tồn tại")) -> 46 Lê Thanh Nghị | N29: Không | O29: Đang ở | Q29: Sổ cư dân, Quân sự 2005
A30: CD0029 | B30: H006 | C30: Phạm Vũ Khánh Hà | E30: 41933 | F30: 2014 | G30: =IF(F30="","",YEAR(TODAY())-F30) -> 12 | H30: =IF(C30="","",IF(G30="","Thiếu thông tin",IF(G30<6,"Trẻ em",IF(G30<23,"Học sinh / Sinh viên",IF(G30<60,"Đang đi làm","Nghỉ hưu"))))) -> Học sinh / Sinh viên | J30: =IF(B30="","",IFERROR(INDEX('Hộ gia đình'!$B$2:$B$2000,MATCH(B30,'Hộ gia đình'!$A$2:$A$2000,0)),"Mã hộ không tồn tại")) -> 46 Lê Thanh Nghị | N30: Không | O30: Đang ở | Q30: Sổ cư dân, Quân sự 2005
A31: CD0030 | B31: H007 | C31: Quách Thị Hương | D31: Nữ | E31: 19850 | F31: 1954 | G31: =IF(F31="","",YEAR(TODAY())-F31) -> 72 | H31: =IF(C31="","",IF(G31="","Thiếu thông tin",IF(G31<6,"Trẻ em",IF(G31<23,"Học sinh / Sinh viên",IF(G31<60,"Đang đi làm","Nghỉ hưu"))))) -> Nghỉ hưu | I31: Chủ hộ | J31: =IF(B31="","",IFERROR(INDEX('Hộ gia đình'!$B$2:$B$2000,MATCH(B31,'Hộ gia đình'!$A$2:$A$2000,0)),"Mã hộ không tồn tại")) -> 48 Lê Thanh Nghị | K31: 026154001748 | M31: Hưu trí | N31: Có | O31: Đang ở | Q31: Sổ cư dân, DS cử tri
A32: CD0031 | B32: H007 | C32: Đoàn Minh Mẫn | D32: Nam | E32: 14376 | F32: 1939 | G32: =IF(F32="","",YEAR(TODAY())-F32) -> 87 | H32: =IF(C32="","",IF(G32="","Thiếu thông tin",IF(G32<6,"Trẻ em",IF(G32<23,"Học sinh / Sinh viên",IF(G32<60,"Đang đi làm","Nghỉ hưu"))))) -> Nghỉ hưu | J32: =IF(B32="","",IFERROR(INDEX('Hộ gia đình'!$B$2:$B$2000,MATCH(B32,'Hộ gia đình'!$A$2:$A$2000,0)),"Mã hộ không tồn tại")) -> 48 Lê Thanh Nghị | K32: 001039002876 | M32: Hưu trí | N32: Có | O32: Đang ở | Q32: Sổ cư dân, DS cử tri
A33: CD0032 | B33: H007 | C33: Đoàn Duy Thành | F33: 1981 | G33: =IF(F33="","",YEAR(TODAY())-F33) -> 45 | H33: =IF(C33="","",IF(G33="","Thiếu thông tin",IF(G33<6,"Trẻ em",IF(G33<23,"Học sinh / Sinh viên",IF(G33<60,"Đang đi làm","Nghỉ hưu"))))) -> Đang đi làm | J33: =IF(B33="","",IFERROR(INDEX('Hộ gia đình'!$B$2:$B$2000,MATCH(B33,'Hộ gia đình'!$A$2:$A$2000,0)),"Mã hộ không tồn tại")) -> 48 Lê Thanh Nghị | N33: Không | O33: Đang ở | Q33: Sổ cư dân
A34: CD0033 | B34: H007 | C34: Nguyễn Thanh Vân | F34: 1982 | G34: =IF(F34="","",YEAR(TODAY())-F34) -> 44 | H34: =IF(C34="","",IF(G34="","Thiếu thông tin",IF(G34<6,"Trẻ em",IF(G34<23,"Học sinh / Sinh viên",IF(G34<60,"Đang đi làm","Nghỉ hưu"))))) -> Đang đi làm | J34: =IF(B34="","",IFERROR(INDEX('Hộ gia đình'!$B$2:$B$2000,MATCH(B34,'Hộ gia đình'!$A$2:$A$2000,0)),"Mã hộ không tồn tại")) -> 48 Lê Thanh Nghị | N34: Không | O34: Đang ở | Q34: Sổ cư dân
A35: CD0034 | B35: H007 | C35: Đoàn Duy Tùng | D35: Nam | E35: 32559 | F35: 1989 | G35: =IF(F35="","",YEAR(TODAY())-F35) -> 37 | H35: =IF(C35="","",IF(G35="","Thiếu thông tin",IF(G35<6,"Trẻ em",IF(G35<23,"Học sinh / Sinh viên",IF(G35<60,"Đang đi làm","Nghỉ hưu"))))) -> Đang đi làm | J35: =IF(B35="","",IFERROR(INDEX('Hộ gia đình'!$B$2:$B$2000,MATCH(B35,'Hộ gia đình'!$A$2:$A$2000,0)),"Mã hộ không tồn tại")) -> 48 Lê Thanh Nghị | K35: 031089012896 | M35: cán bộ | N35: Có | O35: Đang ở | Q35: Sổ cư dân, DS cử tri
A36: CD0035 | B36: H007 | C36: Đoàn Nguyễn Gia Vinh | F36: 2010 | G36: =IF(F36="","",YEAR(TODAY())-F36) -> 16 | H36: =IF(C36="","",IF(G36="","Thiếu thông tin",IF(G36<6,"Trẻ em",IF(G36<23,"Học sinh / Sinh viên",IF(G36<60,"Đang đi làm","Nghỉ hưu"))))) -> Học sinh / Sinh viên | J36: =IF(B36="","",IFERROR(INDEX('Hộ gia đình'!$B$2:$B$2000,MATCH(B36,'Hộ gia đình'!$A$2:$A$2000,0)),"Mã hộ không tồn tại")) -> 48 Lê Thanh Nghị | N36: Không | O36: Đang ở | Q36: Sổ cư dân, Quân sự 2005
A37: CD0036 | B37: H008 | C37: Phạm Quế Anh | D37: Nữ | E37: 22907 | F37: 1962 | G37: =IF(F37="","",YEAR(TODAY())-F37) -> 64 | H37: =IF(C37="","",IF(G37="","Thiếu thông tin",IF(G37<6,"Trẻ em",IF(G37<23,"Học sinh / Sinh viên",IF(G37<60,"Đang đi làm","Nghỉ hưu"))))) -> Nghỉ hưu | I37: Chủ hộ | J37: =IF(B37="","",IFERROR(INDEX('Hộ gia đình'!$B$2:$B$2000,MATCH(B37,'Hộ gia đình'!$A$2:$A$2000,0)),"Mã hộ không tồn tại")) -> 50 Lê Thanh Nghị | K37: 001162019842 | M37: hưu trí | N37: Có | O37: Đang ở | Q37: Sổ cư dân, DS cử tri
A38: CD0037 | B38: H008 | C38: Trần Văn Lượng | D38: Nam | E38: 22169 | F38: 1960 | G38: =IF(F38="","",YEAR(TODAY())-F38) -> 66 | H38: =IF(C38="","",IF(G38="","Thiếu thông tin",IF(G38<6,"Trẻ em",IF(G38<23,"Học sinh / Sinh viên",IF(G38<60,"Đang đi làm","Nghỉ hưu"))))) -> Nghỉ hưu | J38: =IF(B38="","",IFERROR(INDEX('Hộ gia đình'!$B$2:$B$2000,MATCH(B38,'Hộ gia đình'!$A$2:$A$2000,0)),"Mã hộ không tồn tại")) -> 50 Lê Thanh Nghị | K38: 034060008609 | M38: hưu trí | N38: Có | O38: Đang ở | Q38: Sổ cư dân, DS cử tri
A39: CD0038 | B39: H008 | C39: Trấn Quang Anh | E39: 31663 | F39: 1986 | G39: =IF(F39="","",YEAR(TODAY())-F39) -> 40 | H39: =IF(C39="","",IF(G39="","Thiếu thông tin",IF(G39<6,"Trẻ em",IF(G39<23,"Học sinh / Sinh viên",IF(G39<60,"Đang đi làm","Nghỉ hưu"))))) -> Đang đi làm | J39: =IF(B39="","",IFERROR(INDEX('Hộ gia đình'!$B$2:$B$2000,MATCH(B39,'Hộ gia đình'!$A$2:$A$2000,0)),"Mã hộ không tồn tại")) -> 50 Lê Thanh Nghị | N39: Không | O39: Đang ở | P39: ở NN | Q39: Sổ cư dân | R39: Ghi chú cho thấy có thể không còn ở tổ – kiểm tra Tình trạng
A40: CD0039 | B40: H008 | C40: Trần Hoàng Long | E40: 34505 | F40: 1994 | G40: =IF(F40="","",YEAR(TODAY())-F40) -> 32 | H40: =IF(C40="","",IF(G40="","Thiếu thông tin",IF(G40<6,"Trẻ em",IF(G40<23,"Học sinh / Sinh viên",IF(G40<60,"Đang đi làm","Nghỉ hưu"))))) -> Đang đi làm | J40: =IF(B40="","",IFERROR(INDEX('Hộ gia đình'!$B$2:$B$2000,MATCH(B40,'Hộ gia đình'!$A$2:$A$2000,0)),"Mã hộ không tồn tại")) -> 50 Lê Thanh Nghị | N40: Không | O40: Đang ở | P40: ở NN | Q40: Sổ cư dân | R40: Ghi chú cho thấy có thể không còn ở tổ – kiểm tra Tình trạng
A41: CD0040 | B41: H009 | C41: Lê Hồng Tịnh | F41: 1961 | G41: =IF(F41="","",YEAR(TODAY())-F41) -> 65 | H41: =IF(C41="","",IF(G41="","Thiếu thông tin",IF(G41<6,"Trẻ em",IF(G41<23,"Học sinh / Sinh viên",IF(G41<60,"Đang đi làm","Nghỉ hưu"))))) -> Nghỉ hưu | I41: Chủ hộ | J41: =IF(B41="","",IFERROR(INDEX('Hộ gia đình'!$B$2:$B$2000,MATCH(B41,'Hộ gia đình'!$A$2:$A$2000,0)),"Mã hộ không tồn tại")) -> 52+54 Lê Thanh Nghị | N41: Không | O41: Đang ở | P41: Không ở Bkhoa | Q41: Sổ cư dân | R41: Ghi chú cho thấy có thể không còn ở tổ – kiểm tra Tình trạng
A42: CD0041 | B42: H009 | C42: Đỗ Thị Hiền | F42: 1960 | G42: =IF(F42="","",YEAR(TODAY())-F42) -> 66 | H42: =IF(C42="","",IF(G42="","Thiếu thông tin",IF(G42<6,"Trẻ em",IF(G42<23,"Học sinh / Sinh viên",IF(G42<60,"Đang đi làm","Nghỉ hưu"))))) -> Nghỉ hưu | J42: =IF(B42="","",IFERROR(INDEX('Hộ gia đình'!$B$2:$B$2000,MATCH(B42,'Hộ gia đình'!$A$2:$A$2000,0)),"Mã hộ không tồn tại")) -> 52+54 Lê Thanh Nghị | N42: Không | O42: Đang ở | Q42: Sổ cư dân
A43: CD0042 | B43: H009 | C43: Lê Huyền Trang | F43: 1986 | G43: =IF(F43="","",YEAR(TODAY())-F43) -> 40 | H43: =IF(C43="","",IF(G43="","Thiếu thông tin",IF(G43<6,"Trẻ em",IF(G43<23,"Học sinh / Sinh viên",IF(G43<60,"Đang đi làm","Nghỉ hưu"))))) -> Đang đi làm | J43: =IF(B43="","",IFERROR(INDEX('Hộ gia đình'!$B$2:$B$2000,MATCH(B43,'Hộ gia đình'!$A$2:$A$2000,0)),"Mã hộ không tồn tại")) -> 52+54 Lê Thanh Nghị | N43: Không | O43: Đang ở | Q43: Sổ cư dân
A44: CD0043 | B44: H009 | C44: Lê Mạnh Đức | F44: 1990 | G44: =IF(F44="","",YEAR(TODAY())-F44) -> 36 | H44: =IF(C44="","",IF(G44="","Thiếu thông tin",IF(G44<6,"Trẻ em",IF(G44<23,"Học sinh / Sinh viên",IF(G44<60,"Đang đi làm","Nghỉ hưu"))))) -> Đang đi làm | J44: =IF(B44="","",IFERROR(INDEX('Hộ gia đình'!$B$2:$B$2000,MATCH(B44,'Hộ gia đình'!$A$2:$A$2000,0)),"Mã hộ không tồn tại")) -> 52+54 Lê Thanh Nghị | N44: Không | O44: Đang ở | Q44: Sổ cư dân
A45: CD0044 | B45: H009 | C45: Hoàng Đức Huy | F45: 2012 | G45: =IF(F45="","",YEAR(TODAY())-F45) -> 14 | H45: =IF(C45="","",IF(G45="","Thiếu thông tin",IF(G45<6,"Trẻ em",IF(G45<23,"Học sinh / Sinh viên",IF(G45<60,"Đang đi làm","Nghỉ hưu"))))) -> Học sinh / Sinh viên | J45: =IF(B45="","",IFERROR(INDEX('Hộ gia đình'!$B$2:$B$2000,MATCH(B45,'Hộ gia đình'!$A$2:$A$2000,0)),"Mã hộ không tồn tại")) -> 52+54 Lê Thanh Nghị | N45: Không | O45: Đang ở | Q45: Sổ cư dân, Quân sự 2005
A46: CD0045 | B46: H010 | C46: Phạm Quý Đức | F46: 1951 | G46: =IF(F46="","",YEAR(TODAY())-F46) -> 75 | H46: =IF(C46="","",IF(G46="","Thiếu thông tin",IF(G46<6,"Trẻ em",IF(G46<23,"Học sinh / Sinh viên",IF(G46<60,"Đang đi làm","Nghỉ hưu"))))) -> Nghỉ hưu | I46: Chủ hộ | J46: =IF(B46="","",IFERROR(INDEX('Hộ gia đình'!$B$2:$B$2000,MATCH(B46,'Hộ gia đình'!$A$2:$A$2000,0)),"Mã hộ không tồn tại")) -> 56 Lê Thanh Nghị | N46: Không | O46: Đang ở | P46: đã bán nhà | Q46: Sổ cư dân | R46: Ghi chú cho thấy có thể không còn ở tổ – kiểm tra Tình trạng
A47: CD0046 | B47: H010 | C47: Trương Phương Lan | F47: 1950 | G47: =IF(F47="","",YEAR(TODAY())-F47) -> 76 | H47: =IF(C47="","",IF(G47="","Thiếu thông tin",IF(G47<6,"Trẻ em",IF(G47<23,"Học sinh / Sinh viên",IF(G47<60,"Đang đi làm","Nghỉ hưu"))))) -> Nghỉ hưu | J47: =IF(B47="","",IFERROR(INDEX('Hộ gia đình'!$B$2:$B$2000,MATCH(B47,'Hộ gia đình'!$A$2:$A$2000,0)),"Mã hộ không tồn tại")) -> 56 Lê Thanh Nghị | N47: Không | O47: Đang ở | Q47: Sổ cư dân
A48: CD0047 | B48: H011 | C48: Phạm Quang Anh | F48: 1975 | G48: =IF(F48="","",YEAR(TODAY())-F48) -> 51 | H48: =IF(C48="","",IF(G48="","Thiếu thông tin",IF(G48<6,"Trẻ em",IF(G48<23,"Học sinh / Sinh viên",IF(G48<60,"Đang đi làm","Nghỉ hưu"))))) -> Đang đi làm | I48: Chủ hộ | J48: =IF(B48="","",IFERROR(INDEX('Hộ gia đình'!$B$2:$B$2000,MATCH(B48,'Hộ gia đình'!$A$2:$A$2000,0)),"Mã hộ không tồn tại")) -> 56 Lê Thanh Nghị | N48: Không | O48: Đang ở | Q48: Sổ cư dân
A49: CD0048 | B49: H011 | C49: Phạm Thị Lan Hương | F49: 1982 | G49: =IF(F49="","",YEAR(TODAY())-F49) -> 44 | H49: =IF(C49="","",IF(G49="","Thiếu thông tin",IF(G49<6,"Trẻ em",IF(G49<23,"Học sinh / Sinh viên",IF(G49<60,"Đang đi làm","Nghỉ hưu"))))) -> Đang đi làm | J49: =IF(B49="","",IFERROR(INDEX('Hộ gia đình'!$B$2:$B$2000,MATCH(B49,'Hộ gia đình'!$A$2:$A$2000,0)),"Mã hộ không tồn tại")) -> 56 Lê Thanh Nghị | N49: Không | O49: Đang ở | Q49: Sổ cư dân
A50: CD0049 | B50: H011 | C50: Phạm Phương Nhung | F50: 2009 | G50: =IF(F50="","",YEAR(TODAY())-F50) -> 17 | H50: =IF(C50="","",IF(G50="","Thiếu thông tin",IF(G50<6,"Trẻ em",IF(G50<23,"Học sinh / Sinh viên",IF(G50<60,"Đang đi làm","Nghỉ hưu"))))) -> Học sinh / Sinh viên | J50: =IF(B50="","",IFERROR(INDEX('Hộ gia đình'!$B$2:$B$2000,MATCH(B50,'Hộ gia đình'!$A$2:$A$2000,0)),"Mã hộ không tồn tại")) -> 56 Lê Thanh Nghị | N50: Không | O50: Đang ở | Q50: Sổ cư dân, Quân sự 2005
A51: CD0050 | B51: H012 | C51: Trần Thị Kim Mai | G51: =IF(F51="","",YEAR(TODAY())-F51) | H51: =IF(C51="","",IF(G51="","Thiếu thông tin",IF(G51<6,"Trẻ em",IF(G51<23,"Học sinh / Sinh viên",IF(G51<60,"Đang đi làm","Nghỉ hưu"))))) -> Thiếu thông tin | I51: Chủ hộ | J51: =IF(B51="","",IFERROR(INDEX('Hộ gia đình'!$B$2:$B$2000,MATCH(B51,'Hộ gia đình'!$A$2:$A$2000,0)),"Mã hộ không tồn tại")) -> 60 Lê Thanh Nghị | N51: Không | O51: Đang ở | Q51: Sổ cư dân, Quân sự 2005 | R51: Thiếu năm sinh
A52: CD0051 | B52: H012 | C52: Đào Hoàng Lân | G52: =IF(F52="","",YEAR(TODAY())-F52) | H52: =IF(C52="","",IF(G52="","Thiếu thông tin",IF(G52<6,"Trẻ em",IF(G52<23,"Học sinh / Sinh viên",IF(G52<60,"Đang đi làm","Nghỉ hưu"))))) -> Thiếu thông tin | J52: =IF(B52="","",IFERROR(INDEX('Hộ gia đình'!$B$2:$B$2000,MATCH(B52,'Hộ gia đình'!$A$2:$A$2000,0)),"Mã hộ không tồn tại")) -> 60 Lê Thanh Nghị | N52: Không | O52: Đang ở | Q52: Sổ cư dân, Quân sự 2005 | R52: Thiếu năm sinh
A53: CD0052 | B53: H012 | C53: Đào Đức Hoàn | F53: 1991 | G53: =IF(F53="","",YEAR(TODAY())-F53) -> 35 | H53: =IF(C53="","",IF(G53="","Thiếu thông tin",IF(G53<6,"Trẻ em",IF(G53<23,"Học sinh / Sinh viên",IF(G53<60,"Đang đi làm","Nghỉ hưu"))))) -> Đang đi làm | J53: =IF(B53="","",IFERROR(INDEX('Hộ gia đình'!$B$2:$B$2000,MATCH(B53,'Hộ gia đình'!$A$2:$A$2000,0)),"Mã hộ không tồn tại")) -> 60 Lê Thanh Nghị | N53: Không | O53: Đang ở | Q53: Sổ cư dân
A54: CD0053 | B54: H012 | C54: Đào Mai Trang | F54: 1997 | G54: =IF(F54="","",YEAR(TODAY())-F54) -> 29 | H54: =IF(C54="","",IF(G54="","Thiếu thông tin",IF(G54<6,"Trẻ em",IF(G54<23,"Học sinh / Sinh viên",IF(G54<60,"Đang đi làm","Nghỉ hưu"))))) -> Đang đi làm | J54: =IF(B54="","",IFERROR(INDEX('Hộ gia đình'!$B$2:$B$2000,MATCH(B54,'Hộ gia đình'!$A$2:$A$2000,0)),"Mã hộ không tồn tại")) -> 60 Lê Thanh Nghị | N54: Không | O54: Đang ở | Q54: Sổ cư dân, Quân sự 2005
A55: CD0054 | B55: H013 | C55: Nguyễn Quốc Thắng | F55: 1972 | G55: =IF(F55="","",YEAR(TODAY())-F55) -> 54 | H55: =IF(C55="","",IF(G55="","Thiếu thông tin",IF(G55<6,"Trẻ em",IF(G55<23,"Học sinh / Sinh viên",IF(G55<60,"Đang đi làm","Nghỉ hưu"))))) -> Đang đi làm | I55: Chủ hộ | J55: =IF(B55="","",IFERROR(INDEX('Hộ gia đình'!$B$2:$B$2000,MATCH(B55,'Hộ gia đình'!$A$2:$A$2000,0)),"Mã hộ không tồn tại")) -> 62 Lê Thanh Nghị | N55: Không | O55: Đang ở | P55: Hộ khấu: Hàng Bài | Q55: Sổ cư dân
A56: CD0055 | B56: H013 | C56: Dương Thị Tố Tâm | F56: 1977 | G56: =IF(F56="","",YEAR(TODAY())-F56) -> 49 | H56: =IF(C56="","",IF(G56="","Thiếu thông tin",IF(G56<6,"Trẻ em",IF(G56<23,"Học sinh / Sinh viên",IF(G56<60,"Đang đi làm","Nghỉ hưu"))))) -> Đang đi làm | J56: =IF(B56="","",IFERROR(INDEX('Hộ gia đình'!$B$2:$B$2000,MATCH(B56,'Hộ gia đình'!$A$2:$A$2000,0)),"Mã hộ không tồn tại")) -> 62 Lê Thanh Nghị | N56: Không | O56: Đang ở | Q56: Sổ cư dân
A57: CD0056 | B57: H013 | C57: Nguyễn Quốc Đạt | F57: 2003 | G57: =IF(F57="","",YEAR(TODAY())-F57) -> 23 | H57: =IF(C57="","",IF(G57="","Thiếu thông tin",IF(G57<6,"Trẻ em",IF(G57<23,"Học sinh / Sinh viên",IF(G57<60,"Đang đi làm","Nghỉ hưu"))))) -> Đang đi làm | J57: =IF(B57="","",IFERROR(INDEX('Hộ gia đình'!$B$2:$B$2000,MATCH(B57,'Hộ gia đình'!$A$2:$A$2000,0)),"Mã hộ không tồn tại")) -> 62 Lê Thanh Nghị | N57: Không | O57: Đang ở | Q57: Sổ cư dân, Quân sự 2005
A58: CD0057 | B58: H013 | C58: Nguyễn Ánh Uyên | F58: 2005 | G58: =IF(F58="","",YEAR(TODAY())-F58) -> 21 | H58: =IF(C58="","",IF(G58="","Thiếu thông tin",IF(G58<6,"Trẻ em",IF(G58<23,"Học sinh / Sinh viên",IF(G58<60,"Đang đi làm","Nghỉ hưu"))))) -> Học sinh / Sinh viên | J58: =IF(B58="","",IFERROR(INDEX('Hộ gia đình'!$B$2:$B$2000,MATCH(B58,'Hộ gia đình'!$A$2:$A$2000,0)),"Mã hộ không tồn tại")) -> 62 Lê Thanh Nghị | N58: Không | O58: Đang ở | Q58: Sổ cư dân, Quân sự 2005
A59: CD0058 | B59: H014 | C59: Cao Trọng Ngọc | D59: Nam | E59: 18449 | F59: 1950 | G59: =IF(F59="","",YEAR(TODAY())-F59) -> 76 | H59: =IF(C59="","",IF(G59="","Thiếu thông tin",IF(G59<6,"Trẻ em",IF(G59<23,"Học sinh / Sinh viên",IF(G59<60,"Đang đi làm","Nghỉ hưu"))))) -> Nghỉ hưu | I59: Chủ hộ | J59: =IF(B59="","",IFERROR(INDEX('Hộ gia đình'!$B$2:$B$2000,MATCH(B59,'Hộ gia đình'!$A$2:$A$2000,0)),"Mã hộ không tồn tại")) -> 64 Lê Thanh Nghị | K59: 040050000067 | M59: hưu trí | N59: Có | O59: Đang ở | Q59: Sổ cư dân, DS cử tri
A60: CD0059 | B60: H014 | C60: Bùi Thị Kim Hoa | D60: Nữ | E60: 24438 | F60: 1966 | G60: =IF(F60="","",YEAR(TODAY())-F60) -> 60 | H60: =IF(C60="","",IF(G60="","Thiếu thông tin",IF(G60<6,"Trẻ em",IF(G60<23,"Học sinh / Sinh viên",IF(G60<60,"Đang đi làm","Nghỉ hưu"))))) -> Nghỉ hưu | J60: =IF(B60="","",IFERROR(INDEX('Hộ gia đình'!$B$2:$B$2000,MATCH(B60,'Hộ gia đình'!$A$2:$A$2000,0)),"Mã hộ không tồn tại")) -> 64 Lê Thanh Nghị | K60: 001166016929 | M60: hưu trí | N60: Có | O60: Đang ở | Q60: Sổ cư dân, DS cử tri
A61: CD0060 | B61: H014 | C61: Cao Mạnh Cường | D61: Nam | E61: 30161 | F61: 1982 | G61: =IF(F61="","",YEAR(TODAY())-F61) -> 44 | H61: =IF(C61="","",IF(G61="","Thiếu thông tin",IF(G61<6,"Trẻ em",IF(G61<23,"Học sinh / Sinh viên",IF(G61<60,"Đang đi làm","Nghỉ hưu"))))) -> Đang đi làm | J61: =IF(B61="","",IFERROR(INDEX('Hộ gia đình'!$B$2:$B$2000,MATCH(B61,'Hộ gia đình'!$A$2:$A$2000,0)),"Mã hộ không tồn tại")) -> 64 Lê Thanh Nghị | K61: 001082012831 | M61: cán bộ | N61: Có | O61: Đang ở | Q61: Sổ cư dân, DS cử tri
A62: CD0061 | B62: H014 | C62: Cao Bảo Trung | E62: 36322 | F62: 1999 | G62: =IF(F62="","",YEAR(TODAY())-F62) -> 27 | H62: =IF(C62="","",IF(G62="","Thiếu thông tin",IF(G62<6,"Trẻ em",IF(G62<23,"Học sinh / Sinh viên",IF(G62<60,"Đang đi làm","Nghỉ hưu"))))) -> Đang đi làm | J62: =IF(B62="","",IFERROR(INDEX('Hộ gia đình'!$B$2:$B$2000,MATCH(B62,'Hộ gia đình'!$A$2:$A$2000,0)),"Mã hộ không tồn tại")) -> 64 Lê Thanh Nghị | N62: Không | O62: Đang ở | Q62: Sổ cư dân, Quân sự 2005
A63: CD0062 | B63: H014 | C63: Bùi Thu Hương (1976 | F63: 1976 | G63: =IF(F63="","",YEAR(TODAY())-F63) -> 50 | H63: =IF(C63="","",IF(G63="","Thiếu thông tin",IF(G63<6,"Trẻ em",IF(G63<23,"Học sinh / Sinh viên",IF(G63<60,"Đang đi làm","Nghỉ hưu"))))) -> Đang đi làm | J63: =IF(B63="","",IFERROR(INDEX('Hộ gia đình'!$B$2:$B$2000,MATCH(B63,'Hộ gia đình'!$A$2:$A$2000,0)),"Mã hộ không tồn tại")) -> 64 Lê Thanh Nghị | N63: Không | O63: Đang ở | Q63: Sổ cư dân
A64: CD0063 | B64: H015 | C64: Ngô Văn Khiếu | D64: Nam | E64: 28560 | F64: 1978 | G64: =IF(F64="","",YEAR(TODAY())-F64) -> 48 | H64: =IF(C64="","",IF(G64="","Thiếu thông tin",IF(G64<6,"Trẻ em",IF(G64<23,"Học sinh / Sinh viên",IF(G64<60,"Đang đi làm","Nghỉ hưu"))))) -> Đang đi làm | I64: Chủ hộ | J64: =IF(B64="","",IFERROR(INDEX('Hộ gia đình'!$B$2:$B$2000,MATCH(B64,'Hộ gia đình'!$A$2:$A$2000,0)),"Mã hộ không tồn tại")) -> 66 Lê Thanh Nghị | K64: 034078004938 | M64: cán bộ | N64: Có | O64: Đang ở | P64: Thuê nhà | Q64: Sổ cư dân, DS cử tri | R64: Đã lấy tên theo DS cử tri; sổ cũ ghi: Ngô Năng Khiếu
A65: CD0064 | B65: H015 | C65: Trần Xuân Thu | D65: Nữ | E65: 29893 | F65: 1981 | G65: =IF(F65="","",YEAR(TODAY())-F65) -> 45 | H65: =IF(C65="","",IF(G65="","Thiếu thông tin",IF(G65<6,"Trẻ em",IF(G65<23,"Học sinh / Sinh viên",IF(G65<60,"Đang đi làm","Nghỉ hưu"))))) -> Đang đi làm | J65: =IF(B65="","",IFERROR(INDEX('Hộ gia đình'!$B$2:$B$2000,MATCH(B65,'Hộ gia đình'!$A$2:$A$2000,0)),"Mã hộ không tồn tại")) -> 66 Lê Thanh Nghị | K65: 001181037144 | M65: cán bộ | N65: Có | O65: Đang ở | P65: Thuê nhà | Q65: Sổ cư dân, DS cử tri
A66: CD0065 | B66: H015 | C66: Ngô Quang Minh | F66: 2008 | G66: =IF(F66="","",YEAR(TODAY())-F66) -> 18 | H66: =IF(C66="","",IF(G66="","Thiếu thông tin",IF(G66<6,"Trẻ em",IF(G66<23,"Học sinh / Sinh viên",IF(G66<60,"Đang đi làm","Nghỉ hưu"))))) -> Học sinh / Sinh viên | J66: =IF(B66="","",IFERROR(INDEX('Hộ gia đình'!$B$2:$B$2000,MATCH(B66,'Hộ gia đình'!$A$2:$A$2000,0)),"Mã hộ không tồn tại")) -> 66 Lê Thanh Nghị | N66: Không | O66: Đang ở | P66: Thuê nhà | Q66: Sổ cư dân, Quân sự 2005
A67: CD0066 | B67: H015 | C67: Ngô Linh Đan | F67: 2011 | G67: =IF(F67="","",YEAR(TODAY())-F67) -> 15 | H67: =IF(C67="","",IF(G67="","Thiếu thông tin",IF(G67<6,"Trẻ em",IF(G67<23,"Học sinh / Sinh viên",IF(G67<60,"Đang đi làm","Nghỉ hưu"))))) -> Học sinh / Sinh viên | J67: =IF(B67="","",IFERROR(INDEX('Hộ gia đình'!$B$2:$B$2000,MATCH(B67,'Hộ gia đình'!$A$2:$A$2000,0)),"Mã hộ không tồn tại")) -> 66 Lê Thanh Nghị | N67: Không | O67: Đang ở | P67: Thuê nhà | Q67: Sổ cư dân, Quân sự 2005
A68: CD0067 | B68: H016 | C68: Lê Minh Thông | F68: 1984 | G68: =IF(F68="","",YEAR(TODAY())-F68) -> 42 | H68: =IF(C68="","",IF(G68="","Thiếu thông tin",IF(G68<6,"Trẻ em",IF(G68<23,"Học sinh / Sinh viên",IF(G68<60,"Đang đi làm","Nghỉ hưu"))))) -> Đang đi làm | I68: Chủ hộ | J68: =IF(B68="","",IFERROR(INDEX('Hộ gia đình'!$B$2:$B$2000,MATCH(B68,'Hộ gia đình'!$A$2:$A$2000,0)),"Mã hộ không tồn tại")) -> 70 Lê Thanh Nghị | N68: Không | O68: Đang ở | P68: Thuê nhà | Q68: Sổ cư dân
A69: CD0068 | B69: H016 | C69: Vũ Thị Anh | F69: 1990 | G69: =IF(F69="","",YEAR(TODAY())-F69) -> 36 | H69: =IF(C69="","",IF(G69="","Thiếu thông tin",IF(G69<6,"Trẻ em",IF(G69<23,"Học sinh / Sinh viên",IF(G69<60,"Đang đi làm","Nghỉ hưu"))))) -> Đang đi làm | J69: =IF(B69="","",IFERROR(INDEX('Hộ gia đình'!$B$2:$B$2000,MATCH(B69,'Hộ gia đình'!$A$2:$A$2000,0)),"Mã hộ không tồn tại")) -> 70 Lê Thanh Nghị | N69: Không | O69: Đang ở | P69: Thuê nhà | Q69: Sổ cư dân
A70: CD0069 | B70: H016 | C70: Lê Trúc Linh | F70: 2016 | G70: =IF(F70="","",YEAR(TODAY())-F70) -> 10 | H70: =IF(C70="","",IF(G70="","Thiếu thông tin",IF(G70<6,"Trẻ em",IF(G70<23,"Học sinh / Sinh viên",IF(G70<60,"Đang đi làm","Nghỉ hưu"))))) -> Học sinh / Sinh viên | J70: =IF(B70="","",IFERROR(INDEX('Hộ gia đình'!$B$2:$B$2000,MATCH(B70,'Hộ gia đình'!$A$2:$A$2000,0)),"Mã hộ không tồn tại")) -> 70 Lê Thanh Nghị | N70: Không | O70: Đang ở | P70: Thuê nhà | Q70: Sổ cư dân, Quân sự 2005
A71: CD0070 | B71: H017 | C71: Nguyễn Thị Mai Tần | D71: Nữ | E71: 17821 | F71: 1948 | G71: =IF(F71="","",YEAR(TODAY())-F71) -> 78 | H71: =IF(C71="","",IF(G71="","Thiếu thông tin",IF(G71<6,"Trẻ em",IF(G71<23,"Học sinh / Sinh viên",IF(G71<60,"Đang đi làm","Nghỉ hưu"))))) -> Nghỉ hưu | I71: Chủ hộ | J71: =IF(B71="","",IFERROR(INDEX('Hộ gia đình'!$B$2:$B$2000,MATCH(B71,'Hộ gia đình'!$A$2:$A$2000,0)),"Mã hộ không tồn tại")) -> 72 Lê Thanh Nghị | K71: 042148000026 | M71: hưu trí | N71: Có | O71: Đang ở | P71: Bán nhà | Q71: Sổ cư dân, DS cử tri | R71: Đã lấy tên theo DS cử tri; sổ cũ ghi: Nguyễn Mai Tần; Ghi chú cho thấy có thể không còn ở tổ – kiểm tra Tình trạng
A72: CD0071 | B72: H018 | C72: Trần Xuân Dương | D72: Nam | E72: 27528 | F72: 1975 | G72: =IF(F72="","",YEAR(TODAY())-F72) -> 51 | H72: =IF(C72="","",IF(G72="","Thiếu thông tin",IF(G72<6,"Trẻ em",IF(G72<23,"Học sinh / Sinh viên",IF(G72<60,"Đang đi làm","Nghỉ hưu"))))) -> Đang đi làm | I72: Chủ hộ | J72: =IF(B72="","",IFERROR(INDEX('Hộ gia đình'!$B$2:$B$2000,MATCH(B72,'Hộ gia đình'!$A$2:$A$2000,0)),"Mã hộ không tồn tại")) -> 72 Lê Thanh Nghị | K72: 001075022011 | M72: cán bộ | N72: Có | O72: Đang ở | P72: Bán nhà | Q72: Sổ cư dân, DS cử tri | R72: Ghi chú cho thấy có thể không còn ở tổ – kiểm tra Tình trạng
A73: CD0072 | B73: H018 | C73: Nguyễn Thị Bích Hạnh | D73: Nữ | E73: 27435 | F73: 1975 | G73: =IF(F73="","",YEAR(TODAY())-F73) -> 51 | H73: =IF(C73="","",IF(G73="","Thiếu thông tin",IF(G73<6,"Trẻ em",IF(G73<23,"Học sinh / Sinh viên",IF(G73<60,"Đang đi làm","Nghỉ hưu"))))) -> Đang đi làm | J73: =IF(B73="","",IFERROR(INDEX('Hộ gia đình'!$B$2:$B$2000,MATCH(B73,'Hộ gia đình'!$A$2:$A$2000,0)),"Mã hộ không tồn tại")) -> 72 Lê Thanh Nghị | K73: 001175025877 | M73: cán bộ | N73: Có | O73: Đang ở | Q73: Sổ cư dân, DS cử tri
A74: CD0073 | B74: H018 | C74: Trần Mai Trang | D74: Nữ | E74: 37746 | F74: 2003 | G74: =IF(F74="","",YEAR(TODAY())-F74) -> 23 | H74: =IF(C74="","",IF(G74="","Thiếu thông tin",IF(G74<6,"Trẻ em",IF(G74<23,"Học sinh / Sinh viên",IF(G74<60,"Đang đi làm","Nghỉ hưu"))))) -> Đang đi làm | J74: =IF(B74="","",IFERROR(INDEX('Hộ gia đình'!$B$2:$B$2000,MATCH(B74,'Hộ gia đình'!$A$2:$A$2000,0)),"Mã hộ không tồn tại")) -> 72 Lê Thanh Nghị | K74: 001303001222 | M74: cán bộ | N74: Có | O74: Đang ở | Q74: Sổ cư dân, DS cử tri, Quân sự 2005
A75: CD0074 | B75: H018 | C75: Trần Mai Linh | D75: Nữ | E75: 39441 | F75: 2007 | G75: =IF(F75="","",YEAR(TODAY())-F75) -> 19 | H75: =IF(C75="","",IF(G75="","Thiếu thông tin",IF(G75<6,"Trẻ em",IF(G75<23,"Học sinh / Sinh viên",IF(G75<60,"Đang đi làm","Nghỉ hưu"))))) -> Học sinh / Sinh viên | J75: =IF(B75="","",IFERROR(INDEX('Hộ gia đình'!$B$2:$B$2000,MATCH(B75,'Hộ gia đình'!$A$2:$A$2000,0)),"Mã hộ không tồn tại")) -> 72 Lê Thanh Nghị | K75: 001307019170 | M75: sinh viên | N75: Có | O75: Đang ở | Q75: Sổ cư dân, DS cử tri, Quân sự 2005
A76: CD0075 | B76: H019 | C76: Trần Minh Dũng | F76: 1983 | G76: =IF(F76="","",YEAR(TODAY())-F76) -> 43 | H76: =IF(C76="","",IF(G76="","Thiếu thông tin",IF(G76<6,"Trẻ em",IF(G76<23,"Học sinh / Sinh viên",IF(G76<60,"Đang đi làm","Nghỉ hưu"))))) -> Đang đi làm | I76: Chủ hộ | J76: =IF(B76="","",IFERROR(INDEX('Hộ gia đình'!$B$2:$B$2000,MATCH(B76,'Hộ gia đình'!$A$2:$A$2000,0)),"Mã hộ không tồn tại")) -> 72 Lê Thanh Nghị | N76: Không | O76: Đang ở | P76: Bán nhà | Q76: Sổ cư dân | R76: Ghi chú cho thấy có thể không còn ở tổ – kiểm tra Tình trạng
A77: CD0076 | B77: H019 | C77: Lê Thị Kim Quy (1989 | F77: 1989 | G77: =IF(F77="","",YEAR(TODAY())-F77) -> 37 | H77: =IF(C77="","",IF(G77="","Thiếu thông tin",IF(G77<6,"Trẻ em",IF(G77<23,"Học sinh / Sinh viên",IF(G77<60,"Đang đi làm","Nghỉ hưu"))))) -> Đang đi làm | J77: =IF(B77="","",IFERROR(INDEX('Hộ gia đình'!$B$2:$B$2000,MATCH(B77,'Hộ gia đình'!$A$2:$A$2000,0)),"Mã hộ không tồn tại")) -> 72 Lê Thanh Nghị | N77: Không | O77: Đang ở | Q77: Sổ cư dân
A78: CD0077 | B78: H019 | C78: Trần Minh Sơn 09/03/2017 | F78: 2017 | G78: =IF(F78="","",YEAR(TODAY())-F78) -> 9 | H78: =IF(C78="","",IF(G78="","Thiếu thông tin",IF(G78<6,"Trẻ em",IF(G78<23,"Học sinh / Sinh viên",IF(G78<60,"Đang đi làm","Nghỉ hưu"))))) -> Học sinh / Sinh viên | J78: =IF(B78="","",IFERROR(INDEX('Hộ gia đình'!$B$2:$B$2000,MATCH(B78,'Hộ gia đình'!$A$2:$A$2000,0)),"Mã hộ không tồn tại")) -> 72 Lê Thanh Nghị | N78: Không | O78: Đang ở | Q78: Sổ cư dân, Quân sự 2005
A79: CD0078 | B79: H019 | C79: Trần Minh Thành | F79: 2022 | G79: =IF(F79="","",YEAR(TODAY())-F79) -> 4 | H79: =IF(C79="","",IF(G79="","Thiếu thông tin",IF(G79<6,"Trẻ em",IF(G79<23,"Học sinh / Sinh viên",IF(G79<60,"Đang đi làm","Nghỉ hưu"))))) -> Trẻ em | J79: =IF(B79="","",IFERROR(INDEX('Hộ gia đình'!$B$2:$B$2000,MATCH(B79,'Hộ gia đình'!$A$2:$A$2000,0)),"Mã hộ không tồn tại")) -> 72 Lê Thanh Nghị | N79: Không | O79: Đang ở | Q79: Sổ cư dân, Quân sự 2005
A80: CD0079 | B80: H020 | C80: Đặng Huyền Thái | F80: 1956 | G80: =IF(F80="","",YEAR(TODAY())-F80) -> 70 | H80: =IF(C80="","",IF(G80="","Thiếu thông tin",IF(G80<6,"Trẻ em",IF(G80<23,"Học sinh / Sinh viên",IF(G80<60,"Đang đi làm","Nghỉ hưu"))))) -> Nghỉ hưu | I80: Chủ hộ | J80: =IF(B80="","",IFERROR(INDEX('Hộ gia đình'!$B$2:$B$2000,MATCH(B80,'Hộ gia đình'!$A$2:$A$2000,0)),"Mã hộ không tồn tại")) -> 74 Lê Thanh Nghị | N80: Không | O80: Đang ở | P80: Bán nhà | Q80: Sổ cư dân | R80: Ghi chú cho thấy có thể không còn ở tổ – kiểm tra Tình trạng
A81: CD0080 | B81: H020 | C81: Phùng Ngọc Quý | F81: 1956 | G81: =IF(F81="","",YEAR(TODAY())-F81) -> 70 | H81: =IF(C81="","",IF(G81="","Thiếu thông tin",IF(G81<6,"Trẻ em",IF(G81<23,"Học sinh / Sinh viên",IF(G81<60,"Đang đi làm","Nghỉ hưu"))))) -> Nghỉ hưu | J81: =IF(B81="","",IFERROR(INDEX('Hộ gia đình'!$B$2:$B$2000,MATCH(B81,'Hộ gia đình'!$A$2:$A$2000,0)),"Mã hộ không tồn tại")) -> 74 Lê Thanh Nghị | N81: Không | O81: Đang ở | Q81: Sổ cư dân
A82: CD0081 | B82: H020 | C82: Phùng Đức Trung | F82: 1990 | G82: =IF(F82="","",YEAR(TODAY())-F82) -> 36 | H82: =IF(C82="","",IF(G82="","Thiếu thông tin",IF(G82<6,"Trẻ em",IF(G82<23,"Học sinh / Sinh viên",IF(G82<60,"Đang đi làm","Nghỉ hưu"))))) -> Đang đi làm | J82: =IF(B82="","",IFERROR(INDEX('Hộ gia đình'!$B$2:$B$2000,MATCH(B82,'Hộ gia đình'!$A$2:$A$2000,0)),"Mã hộ không tồn tại")) -> 74 Lê Thanh Nghị | N82: Không | O82: Đang ở | Q82: Sổ cư dân
A83: CD0082 | B83: H020 | C83: Phùng Huyền Trang | F83: 1983 | G83: =IF(F83="","",YEAR(TODAY())-F83) -> 43 | H83: =IF(C83="","",IF(G83="","Thiếu thông tin",IF(G83<6,"Trẻ em",IF(G83<23,"Học sinh / Sinh viên",IF(G83<60,"Đang đi làm","Nghỉ hưu"))))) -> Đang đi làm | J83: =IF(B83="","",IFERROR(INDEX('Hộ gia đình'!$B$2:$B$2000,MATCH(B83,'Hộ gia đình'!$A$2:$A$2000,0)),"Mã hộ không tồn tại")) -> 74 Lê Thanh Nghị | N83: Không | O83: Đang ở | Q83: Sổ cư dân
A84: CD0083 | B84: H020 | C84: Lucia | F84: 2013 | G84: =IF(F84="","",YEAR(TODAY())-F84) -> 13 | H84: =IF(C84="","",IF(G84="","Thiếu thông tin",IF(G84<6,"Trẻ em",IF(G84<23,"Học sinh / Sinh viên",IF(G84<60,"Đang đi làm","Nghỉ hưu"))))) -> Học sinh / Sinh viên | J84: =IF(B84="","",IFERROR(INDEX('Hộ gia đình'!$B$2:$B$2000,MATCH(B84,'Hộ gia đình'!$A$2:$A$2000,0)),"Mã hộ không tồn tại")) -> 74 Lê Thanh Nghị | N84: Không | O84: Đang ở | Q84: Sổ cư dân, Quân sự 2005
A85: CD0084 | B85: H020 | C85: Dennis Anh Quân | F85: 2015 | G85: =IF(F85="","",YEAR(TODAY())-F85) -> 11 | H85: =IF(C85="","",IF(G85="","Thiếu thông tin",IF(G85<6,"Trẻ em",IF(G85<23,"Học sinh / Sinh viên",IF(G85<60,"Đang đi làm","Nghỉ hưu"))))) -> Học sinh / Sinh viên | J85: =IF(B85="","",IFERROR(INDEX('Hộ gia đình'!$B$2:$B$2000,MATCH(B85,'Hộ gia đình'!$A$2:$A$2000,0)),"Mã hộ không tồn tại")) -> 74 Lê Thanh Nghị | N85: Không | O85: Đang ở | Q85: Sổ cư dân, Quân sự 2005
A86: CD0085 | B86: H021 | C86: Võ Trí Hải | D86: Nam | E86: 26916 | F86: 1973 | G86: =IF(F86="","",YEAR(TODAY())-F86) -> 53 | H86: =IF(C86="","",IF(G86="","Thiếu thông tin",IF(G86<6,"Trẻ em",IF(G86<23,"Học sinh / Sinh viên",IF(G86<60,"Đang đi làm","Nghỉ hưu"))))) -> Đang đi làm | I86: Chủ hộ | J86: =IF(B86="","",IFERROR(INDEX('Hộ gia đình'!$B$2:$B$2000,MATCH(B86,'Hộ gia đình'!$A$2:$A$2000,0)),"Mã hộ không tồn tại")) -> 76 Lê Thanh Nghị | K86: 001073041060 | M86: KD | N86: Có | O86: Đang ở | P86: Không ở Bkhoa | Q86: Sổ cư dân, DS cử tri | R86: Đã lấy tên theo DS cử tri; sổ cũ ghi: Võ Chí Hải; Ghi chú cho thấy có thể không còn ở tổ – kiểm tra Tình trạng
A87: CD0086 | B87: H021 | C87: Nguyễn Thị Thúy | D87: Nữ | E87: 27671 | F87: 1975 | G87: =IF(F87="","",YEAR(TODAY())-F87) -> 51 | H87: =IF(C87="","",IF(G87="","Thiếu thông tin",IF(G87<6,"Trẻ em",IF(G87<23,"Học sinh / Sinh viên",IF(G87<60,"Đang đi làm","Nghỉ hưu"))))) -> Đang đi làm | J87: =IF(B87="","",IFERROR(INDEX('Hộ gia đình'!$B$2:$B$2000,MATCH(B87,'Hộ gia đình'!$A$2:$A$2000,0)),"Mã hộ không tồn tại")) -> 76 Lê Thanh Nghị | K87: 001175046915 | M87: Công chức | N87: Có | O87: Đang ở | Q87: Sổ cư dân, DS cử tri
A88: CD0087 | B88: H021 | C88: Võ Phương Linh | F88: 1999 | G88: =IF(F88="","",YEAR(TODAY())-F88) -> 27 | H88: =IF(C88="","",IF(G88="","Thiếu thông tin",IF(G88<6,"Trẻ em",IF(G88<23,"Học sinh / Sinh viên",IF(G88<60,"Đang đi làm","Nghỉ hưu"))))) -> Đang đi làm | J88: =IF(B88="","",IFERROR(INDEX('Hộ gia đình'!$B$2:$B$2000,MATCH(B88,'Hộ gia đình'!$A$2:$A$2000,0)),"Mã hộ không tồn tại")) -> 76 Lê Thanh Nghị | N88: Không | O88: Đang ở | Q88: Sổ cư dân, Quân sự 2005
A89: CD0088 | B89: H021 | C89: Võ Chí Hiếu | F89: 2005 | G89: =IF(F89="","",YEAR(TODAY())-F89) -> 21 | H89: =IF(C89="","",IF(G89="","Thiếu thông tin",IF(G89<6,"Trẻ em",IF(G89<23,"Học sinh / Sinh viên",IF(G89<60,"Đang đi làm","Nghỉ hưu"))))) -> Học sinh / Sinh viên | J89: =IF(B89="","",IFERROR(INDEX('Hộ gia đình'!$B$2:$B$2000,MATCH(B89,'Hộ gia đình'!$A$2:$A$2000,0)),"Mã hộ không tồn tại")) -> 76 Lê Thanh Nghị | N89: Không | O89: Đang ở | Q89: Sổ cư dân, Quân sự 2005
A90: CD0089 | B90: H022 | C90: Đào Văn Đô | D90: Nam | E90: 22143 | F90: 1960 | G90: =IF(F90="","",YEAR(TODAY())-F90) -> 66 | H90: =IF(C90="","",IF(G90="","Thiếu thông tin",IF(G90<6,"Trẻ em",IF(G90<23,"Học sinh / Sinh viên",IF(G90<60,"Đang đi làm","Nghỉ hưu"))))) -> Nghỉ hưu | I90: Chủ hộ | J90: =IF(B90="","",IFERROR(INDEX('Hộ gia đình'!$B$2:$B$2000,MATCH(B90,'Hộ gia đình'!$A$2:$A$2000,0)),"Mã hộ không tồn tại")) -> 78 Lê Thanh Nghị | K90: 001060024586 | M90: hưu trí | N90: Có | O90: Đang ở | Q90: Sổ cư dân, DS cử tri
A91: CD0090 | B91: H022 | C91: Nguyễn Lệ Thủy | D91: Nữ | E91: 21421 | F91: 1958 | G91: =IF(F91="","",YEAR(TODAY())-F91) -> 68 | H91: =IF(C91="","",IF(G91="","Thiếu thông tin",IF(G91<6,"Trẻ em",IF(G91<23,"Học sinh / Sinh viên",IF(G91<60,"Đang đi làm","Nghỉ hưu"))))) -> Nghỉ hưu | J91: =IF(B91="","",IFERROR(INDEX('Hộ gia đình'!$B$2:$B$2000,MATCH(B91,'Hộ gia đình'!$A$2:$A$2000,0)),"Mã hộ không tồn tại")) -> 78 Lê Thanh Nghị | K91: 001158006210 | M91: hưu trí | N91: Có | O91: Đang ở | Q91: Sổ cư dân, DS cử tri | R91: Đã lấy tên theo DS cử tri; sổ cũ ghi: Nguyễn Thị Lệ Thủy
A92: CD0091 | B92: H022 | C92: Đào Tuấn Sơn | D92: Nam | E92: 31444 | F92: 1986 | G92: =IF(F92="","",YEAR(TODAY())-F92) -> 40 | H92: =IF(C92="","",IF(G92="","Thiếu thông tin",IF(G92<6,"Trẻ em",IF(G92<23,"Học sinh / Sinh viên",IF(G92<60,"Đang đi làm","Nghỉ hưu"))))) -> Đang đi làm | J92: =IF(B92="","",IFERROR(INDEX('Hộ gia đình'!$B$2:$B$2000,MATCH(B92,'Hộ gia đình'!$A$2:$A$2000,0)),"Mã hộ không tồn tại")) -> 78 Lê Thanh Nghị | K92: 001086004307 | M92: cán bộ | N92: Có | O92: Đang ở | Q92: Sổ cư dân, DS cử tri
A93: CD0092 | B93: H022 | C93: Lý Thị Thu Trang | D93: Nữ | E93: 31739 | F93: 1986 | G93: =IF(F93="","",YEAR(TODAY())-F93) -> 40 | H93: =IF(C93="","",IF(G93="","Thiếu thông tin",IF(G93<6,"Trẻ em",IF(G93<23,"Học sinh / Sinh viên",IF(G93<60,"Đang đi làm","Nghỉ hưu"))))) -> Đang đi làm | J93: =IF(B93="","",IFERROR(INDEX('Hộ gia đình'!$B$2:$B$2000,MATCH(B93,'Hộ gia đình'!$A$2:$A$2000,0)),"Mã hộ không tồn tại")) -> 78 Lê Thanh Nghị | K93: 001186047102 | M93: cán bộ | N93: Có | O93: Đang ở | Q93: Sổ cư dân, DS cử tri | R93: Đã lấy tên theo DS cử tri; sổ cũ ghi: Lê Thị Thu Trang
A94: CD0093 | B94: H022 | C94: Đào Tú Chi | F94: 2014 | G94: =IF(F94="","",YEAR(TODAY())-F94) -> 12 | H94: =IF(C94="","",IF(G94="","Thiếu thông tin",IF(G94<6,"Trẻ em",IF(G94<23,"Học sinh / Sinh viên",IF(G94<60,"Đang đi làm","Nghỉ hưu"))))) -> Học sinh / Sinh viên | J94: =IF(B94="","",IFERROR(INDEX('Hộ gia đình'!$B$2:$B$2000,MATCH(B94,'Hộ gia đình'!$A$2:$A$2000,0)),"Mã hộ không tồn tại")) -> 78 Lê Thanh Nghị | N94: Không | O94: Đang ở | Q94: Sổ cư dân, Quân sự 2005
A95: CD0094 | B95: H022 | C95: Đào Phúc Khang | F95: 2019 | G95: =IF(F95="","",YEAR(TODAY())-F95) -> 7 | H95: =IF(C95="","",IF(G95="","Thiếu thông tin",IF(G95<6,"Trẻ em",IF(G95<23,"Học sinh / Sinh viên",IF(G95<60,"Đang đi làm","Nghỉ hưu"))))) -> Học sinh / Sinh viên | J95: =IF(B95="","",IFERROR(INDEX('Hộ gia đình'!$B$2:$B$2000,MATCH(B95,'Hộ gia đình'!$A$2:$A$2000,0)),"Mã hộ không tồn tại")) -> 78 Lê Thanh Nghị | N95: Không | O95: Đang ở | Q95: Sổ cư dân, Quân sự 2005
A96: CD0095 | B96: H022 | C96: Đào Thùy Vân | D96: Nữ | E96: 33619 | F96: 1992 | G96: =IF(F96="","",YEAR(TODAY())-F96) -> 34 | H96: =IF(C96="","",IF(G96="","Thiếu thông tin",IF(G96<6,"Trẻ em",IF(G96<23,"Học sinh / Sinh viên",IF(G96<60,"Đang đi làm","Nghỉ hưu"))))) -> Đang đi làm | J96: =IF(B96="","",IFERROR(INDEX('Hộ gia đình'!$B$2:$B$2000,MATCH(B96,'Hộ gia đình'!$A$2:$A$2000,0)),"Mã hộ không tồn tại")) -> 78 Lê Thanh Nghị | K96: 001192023375 | M96: cán bộ | N96: Có | O96: Đang ở | Q96: DS cử tri
A97: CD0096 | B97: H023 | C97: Hoàng Thị Tỉnh | F97: 1942 | G97: =IF(F97="","",YEAR(TODAY())-F97) -> 84 | H97: =IF(C97="","",IF(G97="","Thiếu thông tin",IF(G97<6,"Trẻ em",IF(G97<23,"Học sinh / Sinh viên",IF(G97<60,"Đang đi làm","Nghỉ hưu"))))) -> Nghỉ hưu | I97: Chủ hộ | J97: =IF(B97="","",IFERROR(INDEX('Hộ gia đình'!$B$2:$B$2000,MATCH(B97,'Hộ gia đình'!$A$2:$A$2000,0)),"Mã hộ không tồn tại")) -> 84 Lê Thanh Nghị | N97: Không | O97: Đang ở | Q97: Sổ cư dân
A98: CD0097 | B98: H024 | C98: Trần Vĩnh Diệu | F98: 1938 | G98: =IF(F98="","",YEAR(TODAY())-F98) -> 88 | H98: =IF(C98="","",IF(G98="","Thiếu thông tin",IF(G98<6,"Trẻ em",IF(G98<23,"Học sinh / Sinh viên",IF(G98<60,"Đang đi làm","Nghỉ hưu"))))) -> Nghỉ hưu | I98: Chủ hộ | J98: =IF(B98="","",IFERROR(INDEX('Hộ gia đình'!$B$2:$B$2000,MATCH(B98,'Hộ gia đình'!$A$2:$A$2000,0)),"Mã hộ không tồn tại")) -> 86 Lê Thanh Nghị | N98: Không | O98: Đang ở | P98: Không ở Bkhoa | Q98: Sổ cư dân | R98: Ghi chú cho thấy có thể không còn ở tổ – kiểm tra Tình trạng
A99: CD0098 | B99: H024 | C99: Trần Lê Trung | G99: =IF(F99="","",YEAR(TODAY())-F99) | H99: =IF(C99="","",IF(G99="","Thiếu thông tin",IF(G99<6,"Trẻ em",IF(G99<23,"Học sinh / Sinh viên",IF(G99<60,"Đang đi làm","Nghỉ hưu"))))) -> Thiếu thông tin | J99: =IF(B99="","",IFERROR(INDEX('Hộ gia đình'!$B$2:$B$2000,MATCH(B99,'Hộ gia đình'!$A$2:$A$2000,0)),"Mã hộ không tồn tại")) -> 86 Lê Thanh Nghị | N99: Không | O99: Đang ở | Q99: Sổ cư dân, Quân sự 2005 | R99: Thiếu năm sinh
A100: CD0099 | B100: H024 | C100: Vũ Thị Phương Thảo | F100: 1980 | G100: =IF(F100="","",YEAR(TODAY())-F100) -> 46 | H100: =IF(C100="","",IF(G100="","Thiếu thông tin",IF(G100<6,"Trẻ em",IF(G100<23,"Học sinh / Sinh viên",IF(G100<60,"Đang đi làm","Nghỉ hưu"))))) -> Đang đi làm | J100: =IF(B100="","",IFERROR(INDEX('Hộ gia đình'!$B$2:$B$2000,MATCH(B100,'Hộ gia đình'!$A$2:$A$2000,0)),"Mã hộ không tồn tại")) -> 86 Lê Thanh Nghị | N100: Không | O100: Đang ở | Q100: Sổ cư dân
...

Sheet Biến động
A1: Ngày | B1: Loại | C1: Mã CD | D1: Họ và tên | E1: Mã hộ | F1: Nội dung | G1: Người cập nhật
D2: =IF(C2="","",IFERROR(INDEX('Cư dân'!$C$2:$C$2000,MATCH(C2,'Cư dân'!$A$2:$A$2000,0)),"Mã không tồn tại"))
D3: =IF(C3="","",IFERROR(INDEX('Cư dân'!$C$2:$C$2000,MATCH(C3,'Cư dân'!$A$2:$A$2000,0)),"Mã không tồn tại"))
D4: =IF(C4="","",IFERROR(INDEX('Cư dân'!$C$2:$C$2000,MATCH(C4,'Cư dân'!$A$2:$A$2000,0)),"Mã không tồn tại"))
D5: =IF(C5="","",IFERROR(INDEX('Cư dân'!$C$2:$C$2000,MATCH(C5,'Cư dân'!$A$2:$A$2000,0)),"Mã không tồn tại"))
D6: =IF(C6="","",IFERROR(INDEX('Cư dân'!$C$2:$C$2000,MATCH(C6,'Cư dân'!$A$2:$A$2000,0)),"Mã không tồn tại"))
D7: =IF(C7="","",IFERROR(INDEX('Cư dân'!$C$2:$C$2000,MATCH(C7,'Cư dân'!$A$2:$A$2000,0)),"Mã không tồn tại"))
D8: =IF(C8="","",IFERROR(INDEX('Cư dân'!$C$2:$C$2000,MATCH(C8,'Cư dân'!$A$2:$A$2000,0)),"Mã không tồn tại"))
D9: =IF(C9="","",IFERROR(INDEX('Cư dân'!$C$2:$C$2000,MATCH(C9,'Cư dân'!$A$2:$A$2000,0)),"Mã không tồn tại"))
D10: =IF(C10="","",IFERROR(INDEX('Cư dân'!$C$2:$C$2000,MATCH(C10,'Cư dân'!$A$2:$A$2000,0)),"Mã không tồn tại"))
D11: =IF(C11="","",IFERROR(INDEX('Cư dân'!$C$2:$C$2000,MATCH(C11,'Cư dân'!$A$2:$A$2000,0)),"Mã không tồn tại"))
D12: =IF(C12="","",IFERROR(INDEX('Cư dân'!$C$2:$C$2000,MATCH(C12,'Cư dân'!$A$2:$A$2000,0)),"Mã không tồn tại"))
D13: =IF(C13="","",IFERROR(INDEX('Cư dân'!$C$2:$C$2000,MATCH(C13,'Cư dân'!$A$2:$A$2000,0)),"Mã không tồn tại"))
... D499: =IF(C499="","",IFERROR(INDEX('Cư dân'!$C$2:$C$2000,MATCH(C499,'Cư dân'!$A$2:$A$2000,0)),"Mã không tồn tại"))
